news_title,news_content,published_date
"'운명의 장난' 소속팀 맞바꾼 두 외인, 대결 결과 어땠나…전투는 카디네스·전쟁은 후라도 勝 [MD대구]","[마이데일리 = 대구 김경현 기자] 키움 히어로즈 루벤 카디네스와 삼성 라이온즈 아리엘 후라도가 운명적인 맞대결을 펼쳤다. 카디네스와 후라도는 22일 대구 삼성 라이온즈파크에서 열린 2025 신한 SOL Bank KBO리그 개막전에 각각 4번 타자 겸 우익수, 선발투수로 이름을 올렸다. 모든 야구팬의 시선이 쏠렸다. 카디네스는 삼성에 입단해 허리 부상을 당했고, 산책 수비와 태업 논란을 겪으며 팀을 떠났다. 키움은 카디네스에게 가능성을 보고 영입을 타진했다. 삼성 시절 등록명 '카데나스'를 카디네스로 변경했고, 몸 상태에 이상이 없다고 못을 박았다. 후라도는 2년 동안 키움에서 에이스로 활약했다. 지난해 키움은 공격력에서 아쉬움을 느꼈고, 2인 외국인 타자 체제를 택했다. 그러면서 후라도와 엔마누엘 데 헤이수스와 모두 작별했다. 후라도는 삼성, 헤이수스는 KT에 새 둥지를 틀었다. 카디네스 입장에서 더욱 신경이 쓰일 수 있다. 경기 전 카디네스는 구단을 통해 ""그냥 개막전일 뿐이고, 어느 구장이든 다 비슷하다고 느껴진다. 그래도 새로운 시즌이 시작된다는 건 늘 설레는 일이다. 지금 몸 상태는 좋다. 다시 KBO에서 뛸 수 있다는 게 정말 기쁘다. 시즌 내내 내가 어떤 플레이를 보여줄 수 있는지 팬들께 제대로 보여드리고 싶다. 키움 팬들 앞에서 열심히 뛰는 모습 보여드리겠다""고 소감을 전했다. 이어 ""팬들의 응원은 우리 선수들에게 진짜 큰 힘이 된다. 이기든 지든 한 시즌 내내 팬들의 함성을 들을 수 있으면 좋겠다. 언제나 최선을 다하는 모습 보여드릴 테니 많이 응원해 주시길 바란다""고 팬들에게 고개를 숙였다. 첫 번째 맞대결은 카디네스의 승리였다. 1회초 1사 1, 2루에서 카디네스가 타석에 들어섰다. 후라도가 던진 초구와 2구는 모두 볼이 됐고, 3구와 4구는 카디네스가 파울로 걷어냈다. 5구 커브가 존을 벗어나며 풀카운트. 6구 슬라이더가 한가운데로 몰렸고, 카디네스가 3루수 김영웅 옆을 꿰뚫는 1타점 적시타를 뽑았다. 후라도는 후속 타자를 범타로 처리하며 추가 실점을 막았다. 두 번째 대결 역시 카디네스가 기세를 이어갔다. 3회말 선두타자로 등장한 카디네스는 좌전 안타를 치고 나갔다. 다만 후라도는 최주환을 삼진, 김태진을 3-6-3 병살타로 정리하며 실점하지 않았다. 6회초 마지막 맞대결은 후라도가 웃었다. 후라도는 빠르게 1-2 카운트를 만들었고, 145km/h 바깥쪽 낮은 직구로 헛스윙 삼진을 뽑았다. 맞대결은 3타수 2안타로 카디네스가 승리했다. 그러나 경기는 후라도가 압도했다. 후라도는 6이닝 8피안타(1피홈런) 1몸에 맞는 공 5탈삼진 2실점 승리투수가 됐다. 구속은 최고 148km/h까지 나왔다. 총 90구를 구사해 포심 패스트볼 33구, 체인지업 18구, 투심 패스트볼 16구, 슬라이더 14구, 커브 8구, 커터 1구를 던졌다. 후라도는 1회와 2회 각각 1점을 내줬을 뿐, 나머지 4이닝을 무실점으로 막았다. 피홈런 포함 5피안타가 초반 2이닝에 집중됐다. 남은 4회는 산발 3피안타로 막은 것. 경기 역시 삼성이 13-5로 완승을 거뒀다. 카디네스는 후라도에게 뽑은 2안타 포함 4타수 3안타 1타점을 기록했다. 맹타를 휘둘렀지만 팀의 패배로 빛이 바랬다. 경기 종료 후 후라도는 ""원하는 대로 첫 경기를 잘 마무리한 것 같다. 초반에 살짝 제구가 잘되지 않았지만 금세 리듬을 곧 되찾아 퀄리티스타트를 하며 결국 만족스러운 결과를 이끌어낼 수 있었다""며 ""상대 팀이 어느 팀이 되던지간에 매 경기 내가 할 수 있는 최선을 다해서 팀이 승리를 가져올 수 있도록 노력하겠다""고 승리 소감을 전했다. 맞대결 결과는 간단하게 요약할 수 있다. 전투는 카디네스가 승리했다. 하지만 조금 더 거시적인 '전쟁'에선 후라도가 이겼다. 양 선수의 다음 맞대결 결과는 어떻게 될까.",2025-03-22
"""후라도도 긴장했는지..."" 초반 흔들렸던 이적 에이스의 첫 경기, '디아즈 수비+활화산 타선'이 살렸다...QS 선발 첫승","[대구=스포츠조선 정현석 기자]흔들림은 있었지만 무너지지는 않았다. 삼성 라이온즈 외인투수 아리엘 후라도가 이적 후 첫 등판에서 퀄리티스타트를 기록하며 승리투수가 됐다. 13대5 개막 첫 경기 대승을 이끌었다. 후라도는 22일 대구 라이온즈파크에서 열린 키움과의 개막전에 선발 등판, 6이닝 동안 홈런 포함, 8안타 1사구를 내줬지만 2실점으로 막아냈다. 탈삼진 5개. 총투구수 90구에 최고 148㎞ 직구와 체인지업, 투심, 슬라이더, 커브를 섞어 던졌다. 후라도는 3회까지 매 이닝 주자를 내보내며 초반 흔들렸다. 1회 선두 송성문을 내야뜬공으로 가볍게 처리했다. 하지만 2번 푸이그를 사구로 내보낸 뒤 이주형 카디네스에게 연속안타로 선제 실점했다. 1-1이던 2회 선두타자인 신인 여동욱에게 직구 승부를 하다 좌중간 솔로홈런을 허용했다. 실점은 여기까지였다. 2사 후 송성문 푸이그에게 연속 안타를 맞았지만 이주형의 빠른 타구를 1루수 디아즈가 유연한 미트질로 정지 시켰다. 5-2 역전에 성공한 3회도 선두 카디네스에게 안타를 맞았지만, 1사 후 김태진의 강습타구를 디아즈가 번개 처럼 캐치해 리버스 더블플레이로 위기를 지웠다. 4회 첫 삼자범퇴를 잡은 후라도는 4회 삼성타선이 대거 5점을 뽑아 10-2를 만들면서 완전히 안정을 찾았다. 5회 2이닝 연속 삼저범퇴. 6회 1사 후 연속안타를 맞았지만 후속 여동욱을 삼진, 박주홍을 뜬공 처리하고 임무를 마쳤다. 경기 흐름에 따라 초반 조기 강판될 수도 있었을 만큼 출발이 썩 좋지 않았던 후라도. 디아즈의 잇단 호수비와 장단 18안타 13득점으로 무섭게 터진 삼성 타선이 친정팀을 맞아 살짝 힘이 들어갔던 그의 어깨를 홀가분 하게 했다. 배터리 호흡을 맞춘 포수 강민호는 ""처음에는 후라도 선수가 좀 긴장을 했는지 공이 조금 몰리기도 했고, 높게 오기도 했었는데 저희 팀이 추가 점수가 나오면서 조금 편안하게 자기 피칭을 이어갔던 것 같다. 그러면서 본연의 자기 모습이 나오지 않았나 싶다""고 설명했다. 이적생 투수에게 첫 경기는 엄청 중요하다. 첫 단추가 한 시즌을 좌우할 수도 있다. 그런 면에서 삼성 입장에서는 안심할 수 있는, 기분 좋은 첫 승이었다. 경기 후 후라도는 ""원하는 대로 첫 경기를 잘 마무리한 것 같다. 초반에 살짝 제구가 잘 되지 않았지만 금세 리듬을 되찾아 퀄리티스타트를 하며 결국 만족스런 결과를 이끌어낼 수 있었다""고 복기하며 ""상대팀이 어느 팀이든 매 경기 내가 할 수 있는 최선을 다해 팀이 승리를 가져올 수 있도록 노력하겠다""고 다짐했다. '이닝이터' 후라도가 첫 테이프를 잘 끊었다. 경기가 거듭될수록 더욱 빠르게 안정감을 찾을 가능성이 커졌다.",2025-03-22
‘건강한’ 구자욱은 의심의 여지가 없다 “이기는 것만 생각”,"사진=삼성라이온즈 제공
“이기는 것만 생각하자고 했죠.” 이것이 바로 삼성이다. 개막전부터 화끈한 야구를 펼쳤다. 22일 대구 삼성라이온즈파크서 열린 키움과의 ‘2025 신한 쏠뱅크 KBO리그’ 홈경기서 13-5 대승을 거뒀다. 삼성의 색깔을 한껏 느낄 수 있는 시간이었다. 홈런 2개를 비롯해 장단 18개의 안타를 때려내며 포효했다. 선발 라인업 중 전병우를 제외한 모든 타자들이 안타를 신고했다. 삼자범퇴로 물러난 이닝을 찾기가 힘들 정도. 야구장을 꽉 메운 만원 관중(2만4000명)은 힘찬 함성으로 새 시즌을 맞았다. 고른 활약 속에서 특히 ‘캡틴’ 구자욱의 활약이 인상적이었다. 3번 및 좌익수로 선발 출전해 4타수 3안타(1홈런) 4타점 3득점 1볼넷을 기록했다. 무려 네 번이나 출루했다. 타구 방향도 우익수, 좌익수 방면 등 골고루 나왔다. 하이라이트는 단연 홈런이다. 10-2로 크게 앞선 5회 말이었다. 이재현의 볼넷으로 만들어진 무사 1루 상황서 상대 투수 조영건의 4구를 공략했다. 142㎞짜리 직구가 스트라이크존 높은 곳으로 들어오자 주자 없이 방망이를 냈다. 투런포였다. 사진=삼성라이온즈 제공
 
쾌조의 컨디션을 엿볼 수 있는 대목이다. 건강한 구자욱은 의심의 여지가 없다. 2015년부터 10년간 1군서 마크한 통산 타율만 0.318에 달한다. 지난 시즌엔 129경기서 타율 0.343, 33홈런 115타점 등을 올리며 자신의 커리어하이를 새롭게 작성했다. 개인 통산 세 번째 외야수 부문 골든글러브를 품었다. 변수가 있다면 몸 상태였다. 지난해 가을야구서 불의의 부상을 당했기 때문이다. 겨우내 재활에만 매달려야 했다. 보다 탄탄해진 몸으로 새 시즌 출발을 알렸다. 무엇보다 삼성만의 강점을 앞세워 첫 단추를 잘 끼웠다는 점이 고무적이다. 올 시즌을 앞두고 삼성은 일찌감치 우승후보 중 한 팀으로 평가받았다. 지난 스토브리그서 자유계약(FA)으로 최원태를 영입하면서 선발진이 두터워진 데다 강력한 한방을 가지고 있기 때문이다. 깔끔한 경기. 구자욱도 활짝 웃었다. “기분 좋게 출발하게 돼 좋다”면서 “신구조화가 잘 이뤄진 경기였다. 어린 선수들이 주자를 깔아주면, 베테랑들이 해결하는 식이었다”고 고개를 끄덕였다. 시작이 좋다. 천하의 구자욱도 과거 개막전만 되면 긴장감을 감추지 못했다. “지난 10년간 개막전만 되면 심장이 터질 것 같았다”고 회상했다. 시범경기서 이미 만원관중을 경험했기 때문일까. 올해는 스스로 신기할 정도로 차분했다. 구자욱은 “시범경기 때부터 많이 찾아와주신 팬들 덕분인 것 같다”고 엄지를 치켜세웠다. 4타점을 홀로 쓸어 담았지만 만족은 없다. 구자욱은 “야구라는 게 컨디션과 무관한 것 같다. 사실 (개막을 앞두고) 타격감이 안 좋다고 생각했다. 첫 타석에서 볼넷을 골라내면서 괜찮을 것 같다는 자신감을 갖게 됐다”고 귀띔했다. 사진=삼성라이온즈 제공
 
대구=이혜진 기자 hjlee@sportsworldi.com",2025-03-22
"'최초→최초→최다 타이→10년' KBO 역사 쓴 삼성, 만원 관중에게 선사한 대구의 봄 [MD대구]","[마이데일리 = 대구 김경현 기자] 삼성 라이온즈가 개막전 승리를 거뒀다. 승리는 물론, 각종 기록을 수놓으며 대구 팬들에게 '행복 야구'를 선사했다. 삼성은 22일 대구 삼성 라이온즈파크에서 열린 2025 신한 SOL Bank KBO리그 개막전 키움 히어로즈와의 홈 경기에서 13-5로 승리했다. 경기 시작과 동시에 24000석 전석 매진 소식이 전해졌다. 삼성 관계자는 ""대구 개막전 매진은 2023년 4월 1일 NC 다이노스전 이후 2년만""이라고 전했다. 2024시즌 개막전은 수원에서 KT 위즈와 치렀다. 베테랑 김헌곤이 기록의 서막을 알렸다. 팀이 1-2로 뒤진 2회말 주자 없는 1사, 김헌곤은 키움 선발 케니 로젠버그 상대로 좌월 동점 솔로 홈런을 신고했다. 이 홈런으로 김헌곤은 야구 인생 첫 개막전 아치를 그렸다. '캡틴' 구자욱이 KBO리그의 역사를 썼다. 5회말 무사 1루에서 구자욱은 좌월 쐐기 투런 홈런을 터트렸다. 이 홈런으로 삼성은 KBO리그 최초로 팀 77000루타를 넘어섰다. 이날 전까지 삼성은 76982루타를 기록 중이었다. 2홈런 포함 18안타를 폭발시키며 77000고지를 넘었다. 곧바로 강민호가 KBO 타이 기록을 작성했다. 구자욱의 홈런 이후 타석에 들어선 강민호. 1-0 카운트에서 좌익수 뒤 2루타를 터트렸다. 2회말에도 2타점 2루타를 터트린 강민호는 이날 5타수 2안타를 적어내며, 역대 통산 개막전 최다 안타 타이(20개)를 달성했다. 종전 김광림과 김태균, 정근우가 각각 20개로 공동 1위를 기록 중이었다. 삼성은 10년 만에 '홈 개막전' 승리라는 기쁨을 맛봤다. 또한 라이온즈파크에서는 첫 번째 개막전 승리다. 라이온즈파크는 2016년 개장했고, 그동안 삼성은 '홈&라팍 개막전'에서 모두 고개를 숙였다. 드디어 만원 관중 앞에서 '대구의 봄'을 선물할 수 있었다. 박진만 감독은 ""타자들이 전체적으로 개막일에 맞춰 컨디션 조절을 잘 해온 것 같다. 상위타선, 중심타선, 하위타선 할 것 없이 모두 잘 해줬다. 선발 후라도는 초반에 약간 흔들리는 기색이 있었지만 결국엔 본인 페이스를 되찾았다. 새로운 팀에서 개막전이라는 부담이 있었을 텐데, 이겨냈다. 앞으로도 좋은 모습을 보여서 연승을 달렸으면 한다""고 소감을 남겼다. 한편 23일 삼성은 선발투수로 백정현을 예고했다. 키움은 하영민으로 맞선다.",2025-03-22
우승 향한 '플레이 볼' 삼성라이온즈…희망 보여준 개막전 승리,"02:17

재생
5,866
앱으로 보기
◀앵커▶
지난해 한국시리즈 준우승이라는 결과에 뿌듯함과 아쉬움이 교차했던 삼성라이온즈가 더 큰 도전을 시작했습니다.

3월 22일 개막한 2025 신한 SOL BANK KBO리그에서 삼성은 키움히어로즈를 상대로 이번 시즌 첫 승리를 거뒀는데요.

따뜻해진 날씨 속 만원 관중과 함께 했던 경기에서 삼성은 타자들은 벌써부터 뜨거운 타격감으로 개막전 결과를 가져옵니다. 그 현장을 석원 기자가 다녀왔습니다.

◀기자▶
많은 팬이 기다리던 야구의 시간, 2025시즌 프로야구의 봄이 돌아왔습니다.

""일찌감치 매진을 예고한 대구삼성라이온즈파크는 지난해보다 뜨거운 열기로 긴 여정에 나선 삼성의 첫 순간을 함께 했습니다.""

개막전 삼성의 상대는 키움, 삼성 선발 후라도의 지난해까지 뛰던 키움전에 지난해 삼성에서 뛰던 카디네스가 키움 4번으로 만났다는 점에서도 관심을 모았던 두 팀의 대결에서 웃은 건 삼성이었습니다.

1회초 카디네스의 적시타로 끌려간 삼성은 2회와 4회 빅이닝을 만들며 무려 13득점에 성공, 홈 팬들에게 시원한 승리를 안겨줍니다.

◀채태인 / 대구MBC해설위원·전 삼성라이온즈 내야수▶
""시범경기 때 뭐 안 맞다고 안 된다고 하는 걸 그냥 저는 생각 안 했으면 좋겠어요. 야구는 개막전이 야구 시작하는 거고, 144경기가 끝나야 야구가 끝난다고 생각하기 때문에. 오늘 또한 한 경기일 뿐이라 생각하고 근데 타격 코치 입장에서는 내일 게임이 더 두려울 거예요. 왜 그러냐면 오늘 너무 많이 쳐 놓으면 내일 게임도 두려움이 있다는...""

타선에서 홈런 포함 3안타 4타점으로 구자욱이 눈부셨다면, 마운드에서는 선발 후라도가 1선발로 역할을 해냈습니다.

1, 2회는 흔들리는 모습을 보였지만, 에이스답게 6회까지 책임진 후라도. 이어나온 이호성과 송은범이 3점을 내줬지만, 승패엔 영향이 없었습니다.

◀송민구 / 대구MBC해설위원·세이버 메트릭스 전문가▶ 
""(2회말) 공격에서 삼성 선수들이 다 같이 점수를 내주고 힘을 내주니까 다시 안정을 찾고 3회부터 안정된 모습을 보여준 것 같습니다. 오늘 팬분들이 원하시는 그런 강력한 삼진을 많이 잡는 모습은 아니었더라도 충분히 흔들리다가도 충분히 6이닝 이상은 해줄 수 있다는 그런 자신감을 보여준 투구가 아니었나 생각합니다.""

개막전 기분 좋은 승리를 거둔 삼성은 역시 매진이 예고된 2차전 연승에 도전합니다. MBC뉴스 석원입니다.(영상취재 장성태, 장모세)",2025-03-22
"""타격감 안 좋다고 생각했는데..."" 구자욱, 그런데 홈런+4타점 '불방망이' 대반전","[스포티비뉴스=대구, 맹봉주 기자] 이제야 비로소 편하게 개막전을 임했다. 프로 데뷔 후 처음이었다. 삼성 라이온즈는 22일 대구 삼성라이온즈파크에서 열린 2025 신한 SOL 뱅크 KBO리그 개막전서 키움 히어로즈를 13-5로 이겼다. 구자욱이 삼성 공격을 이끌었다. 이날 3번 타자 좌익수로 선발 출전해 4타수 3안타(1홈런) 4타점 3득점으로 맹활약했다. 경기 후 구자욱은 ""개막전 기분 좋게 출발해서 좋다. 신구조화가 잘 어울린 경기가 아니었나 생각한다. 베테랑의 중요성을 깨달았다. 어린 선수들이 깔아주면 우리가 해결하는 경기였다. 정말 깔끔했다""고 소감을 밝혔다. 구자욱은 지난해 LG 트윈스와 플레이오프에서 도루를 시도하던 도중 무릎을 다쳤다. 이 부상으로 남은 포스트시즌에서 아웃됐다. 한국시리즈도 통째로 빠졌다. 치료와 재활에 매진한 구자욱은 부상 후유증 없이 완벽한 몸 상태로 돌아왔다. 그리고 개막전부터 쾌조의 타격감을 보였다. 하지만 정작 구자욱은 컨디션이 좋은 건 아니었다고 했다. ""난 타격감이 안 좋다고 생각했다. 떨어지는 시기인가 했다. 연습 때도 좋은 밸런스는 아니었다""며 ""야구라는 게 컨디션이나 연습과 다르다는 생각을 했다. 오늘(22일) 첫 타석 초구 볼 때부터 좋은 결과가 있겠다 싶었다. 자신감을 가졌다. 자신감으로 들이댔다""고 키움전 맹타를 돌아봤다. 무엇보다 긴장을 하지 않은 게 좋은 결과로 이어졌다. 구자욱은 ""프로야구 개막전만 11번째다. 지난 10년 동안 개막전에선 늘 심장이 터질 것처럼 긴장됐다. 오늘은 전혀 그렇지 않더라. 마치 시범경기나 연습경기인 것 처럼 마음이 편했다""고 털어놨다. 이유가 있었다. 시범경기부터 대구 삼성라이온즈파크는 매진을 이뤘다. 이날 경기 역시 2만 4천석이 꽉 찬 매진이었다. 구자욱은 ""시범경기 때 만원 관중이 한 번 있었다. 그래서 덜 긴장된 것 같다. 삼성라이온즈파크에 많은 팬들이 찾아줬다. 시범경기 때부터 정규 시즌 같은 느낌이 들게 팬들이 도와줬다. 이번 개막전은 전혀 긴장되는 순간이 없었다""고 말했다.",2025-03-22
"무려 '왕조 시절'이 마지막, 삼성 10년 만의 홈 개막전 승리…'라팍 시대' 처음","18안타 13득점, 그리고 10년 만의 승리. 삼성 라이온즈가 감격의 홈 개막전 승리를 거뒀다. 삼성은 22일 대구 삼성라이온즈파크에서 열린 2025 신한 SOL 뱅크 KBO리그 키움 히어로즈와의 개막전 홈 경기에서 13-5 대승을 거뒀다. 이날 라팍에 모인 2만4000명 만원 관중 앞에서 화끈한 공격력을 선보였다. 타선이 대폭발했다. 홈런 두 방을 포함해 무려 18안타를 쏟아부었다. 리드오프 김지찬이 3안타 2득점, 2번 타자 이재현이 3안타 2볼넷 4득점한 가운데, 3번 타자 구자욱이 홈런 포함 3안타 4타점 3득점 맹타를 휘둘렀다. 4번타자 강민호도 2안타 2타점, 디아즈도 3안타 2타점으로 활약했고, 박병호도 2안타 2타점을 올렸다. 하위타선에서도 대타 류지혁이 2안타 1타점, 김영웅이 1안타 1타점을 올렸고, 9번 타자 김헌곤이 동점 솔로포를 쏘아 올리면서 팀의 승리를 이끌었다. 이날 승리로 삼성은 10년 만의 홈 개막전(시즌 첫 경기 기준) 승리를 거뒀다. 삼성이 홈에서 열린 시즌 첫 경기에서 승리를 거둔 건 2015년 3월 28일 대구 시민운동장에서 열린 SK 와이번스(현 SSG 랜더스)전 6-1 승리가 마기막이었다. 대구 삼성라이온즈파크로 무대를 옮긴 뒤엔 승리가 없었다. 2016년 라팍 개장 이후 시즌 첫 경기를 네 차례(2016, 2017, 2020, 2023년) 치렀는데 모두 패했다. 시즌 첫 주를 원정에서 치른 뒤 나선 다섯 차례의 홈 개막전도 성적이 좋지 못했다. 2021년 대구 KT 위즈전 7-5 승리를 제외하곤 라팍 개막전에서 모두 패했다. 지난해에도 SSG 랜더스를 홈으로 불러들여 홈 개막전(3월 29일)을 치렀지만 4-6으로 패했다. 하지만 이날은 달랐다. 홈에서 열린 시즌 첫 경기를 화끈한 공격력을 앞세워 승리했다. 이날 홈런 포함 3안타 4타점을 올린 주장 구자욱은 ""지난해까지 개막전은 항상 떨렸는데, 올해는 편안했다""라고 전했다. ""아무래도 시범경기에서 만원 관중을 한 번 경험하고 나선 경기라 편했던 것 같다. 어린 선수들도 지난해 한국시리즈(KS)를 경험해서인지 긴장하지 않더라""며 승리의 원동력을 설명했다. ▶최근 10년간 삼성 라이온즈 '홈 개막전' 전적
-2016년 4월 1일 두산전 1-5패
-2017년 3월 31일 KIA전 2-7패
-2018년 3월 20일 넥센전 8-10패*
-2019년 3월 29일 두산전 2-3패*
-2020년 5월 5일 NC전 0-4패
-2021년 4월 9일 KT전 7-5승*
-2022년 4월 8일 키움전 0-1패*
-2023년 4월 1일 NC전 0-8패
-2024년 3월 29일 SSG전 4-6패* *표시는 시즌 첫 경기가 아니었던 홈 개막전 대구=윤승재 기자",2025-03-22
"""웃으며 타석에 섰다"" '달빛소년'이 돌아왔다...'신인왕' 구자욱도 돌아왔다, 이번에는 MVP다","[대구=스포츠조선 정현석 기자]구자욱의 응원가 '달빛소년'이 돌아왔다. 지난해 LG와의 플레이오프 때 무릎부상으로 KIA에 한국시리즈 패권을 넘겨주는 모습을 지켜봐야 했던 구자욱이 부상을 털고 돌아왔다. 개막 첫날부터 맹타를 휘두르며 팀의 대승을 이끌었다. 구자욱은 22일 대구 라이온즈파크에서 열린 키움과의 개막전에 3번 좌익수로 선발출전, 투런홈런 포함, 4타수3안타 4타점 맹활약으로 13대5 대승을 이끌었다. 2-2로 맞선 2회말 1사 1,2루에서 우전 적시타로 결승타를 날린 구자욱은 5-2로 앞선 4회말 무사 1,2루에서 좌익선상 적시타에 이어 10-2로 앞선 5회 무사 1루에서 밀어서 좌측 담장을 훌쩍 넘기는 쐐기 투런홈런을 날렸다. 공교롭게도 구자욱의 불방망이는 과거 응원곡 '달빛소년'이 다시 울려퍼지기 무섭게 폭발했다. '달빛소년'과 함께 홈런 포함, 3안타가 터졌다. '달빛소년'은 구자욱이 혜성처럼 등장해 신인왕을 받았던 2015년 1군 데뷔 당시 응원곡. 2018년 응원가 저작권 문제로 중단된 뒤 김상헌 응원단장의 '허니크루'가 만든 자작곡으로 대체됐다. 삼성 구단은 지난해 저작권 문제를 해결하며 '엘도라도'를 팬들에게 돌려줬듯, 이번에는 '달빛크루' 저작권을 적극 해결해 구자욱 팬들의 갈증을 해소했다. 경기를 마친 구자욱은 ""첫 타석에 나올 줄 알았는데, (마케팅 팀에서) 언질을 안 주시더라. 안하게 됐다고 처음에 말씀해 주셨는데 두번째 타석에 나오길래 웃으며 타석에 들어갔다""며 깜짝 이벤트 상황을 설명했다. 이어 ""옛날 사진들이 막 나오더라. 옛날 생각이 많이 났던 것 같다. 응원가 나오고 결과가 좋아서 더욱 구단 관계자 분들께 너무 감사드리고, 재밌었던 것 같다""며 웃었다. 출발이 좋다. 시범경기 부터 찬스마다 더 가벼워진 스윙으로 좌우 가릴 것 없이 날카로운 타구를 양산하고 있다. 시범경기 때도 4안타로 6타점을 쓸어담았다. 구자욱은 ""개인적으로 뒤로 가는 파울이 좋다고 생각하지 않는다. 뒤로 파울만 내지 말자는 생각으로 앞으로 좋은 타구를 내보내자 라는 그런 마음가짐 덕분에 치지 않았나 생각힌다""며 클러치 해결사 비결을 살짝 공개했다. 지난해 KIA에 밀려 준우승에 그치고, KIA 김도영에 밀려 MVP에서 밀렸던 구자욱. 더 원숙해진 올시즌 그를 MVP 유력 후보로 꼽는 시선이 많다. 이 말에 손사래 치던 구자욱은 ""그런 큰 상은 시즌이 끝나봐야 아는 거지만, 개인성적에 정말 욕심이 없고 팀 성적이 좋으면 제가 더 스포트라이트를 받을 수 있을 거라고 생각하기 때문에 항상 이기는 데만 집중하려고 노력하고 있다""고 설명했다. 팀 우승을 위해 불철주야 노력하는 캡틴. 개인 타이틀이나 MVP는 모두의 결과 속에 자연스레 따라오는 부산물이다. 구자욱의 무심타법이 2025 시즌 파란을 예고하고 있다. 출발이 좋다. 사진제공=삼성 라이온즈",2025-03-22
"개막전부터 삼성 4번 타자…강민호는 박진만 감독에게 물었다 ""잘못 나온 것 같습니다""","[스포티비뉴스=대구, 맹봉주 기자] ""아무래도 올 시즌 우리 팀 4번은 많이 바뀔 것 같습니다."" 강민호가 개막전 4번 타자로서 임무를 훌륭히 마쳤다. 삼성 라이온즈는 22일 대구 삼성라이온즈파크에서 열린 2025 신한 SOL 뱅크 KBO리그 개막전서 키움 히어로즈를 13-5로 이겼다. 이날 삼성의 타순은 김지찬(중견수), 이재현(유격수), 구자욱(좌익수), 강민호(포수), 르윈 디아즈(1루수), 박병호(지명타자), 전병우(2루수), 김영웅(3루수), 김헌곤(우익수)으로 꾸려졌다. 4번 타자는 이번 시즌 프로 데뷔 22년 차를 맞은 KBO 최고참 강민호였다. 강민호는 삼성 선발투수 아리엘 후라도가 흔들릴 땐 포수로서 잡아주고, 공격에선 5타수 2안타 2타점 1득점으로 활약했다. 공격과 수비, 투수 리드까지 만점이었다. 의미 있는 기록도 세웠다. 개인통산 개막전 안타만 20개로 김광림(쌍방울), 김태균(한화), 정근우(LG)와 함께 프로야구 역대 개막전 최다 안타 공동 1위에 올랐다. 경기 후 강민호는 ""내가 22번째 시즌을 맞는데 너무 늦게 달성한 것 같다""며 웃어보였다. 이어 ""개막전에 이겨서 기분 좋다. 겨울 내내 선수들이 열심히 준비했다. 첫 경기부터 잘 풀렸다""며 ""144경기 중에 1경기다. 너무 좋아하지 않고 내가 준비한 걸 하겠다""고 덧붙였다. 올 시즌을 앞두고 강민호는 수비와 리딩에 집중하겠다는 뜻을 밝혔다. 하지만 삼성 박진만 감독은 개막전부터 4번 타자라는 중책을 강민호에게 맡겼다. 선발 라인업을 보고 강민호는 당황했다. 강민호는 ""살짝 부담스러웠다. 감독님께 '오더가 잘못 나온 것 같습니다'고 했다. 그랬더니 감독님이 '괜찮아. 임시야, 임시'라고 하시더라""며 웃었다. 말은 부담스럽다고 해도 경기에선 4번 타자로서 팀 공격 중심을 잘 잡아줬다. 강민호 덕분에 삼성 타선이 대폭발하며 쉽게 경기를 풀어갈 수 있었다. 강민호는 ""타순은 신경 안 쓴다. 주어진 환경에서 감독님이 내려진 지시를 받겠다. 우리 팀 4번이 많이 바뀔 것 같다""며 ""아무래도 지난해 어린 선수들이 한국시리즈를 경험하면서 여유가 생겼다. 시즌 치르다보면 힘든 상황이 온다. 그것만 잘 헤쳐 나가면, 우리가 원하는 성적이 나올 것 같다""고 이번 시즌을 내다봤다.",2025-03-22
"""오늘 못한다고 세상 무너지지 않아"" 주장 구자욱의 한 마디, 18안타 13득점 대승으로 돌아왔다 [MD대구]","[마이데일리 = 대구 김경현 기자] ""오늘 못한다고 해서 세상이 무너지는 건 아니다"" 삼성 라이온즈의 '캡틴' 구자욱이 팀의 승리를 이끌었다. 대승의 이면에는 구자욱의 메시지가 있었다. 삼성은 22일 대구 삼성 라이온즈파크에서 열린 2025 신한 SOL Bank KBO리그 개막전 키움과의 홈 경기에서 13-5로 승리했다. 구자욱은 3번 타자 겸 좌익수로 선발 출전해 4타수 3안타 1홈런 1볼넷 3득점 4타점으로 맹활약했다. 1회초 첫 타석부터 볼넷을 골라내며 르윈 디아즈의 타점에 발판을 놨다. 2회말 1사 1, 2루에서 경기를 뒤집는 1타점 적시타를 뽑았고, 4회말 무사 1, 2루 세 번째 타석에선 좌전 1타점 적시타로를 쳤다. 5회말 네 번째 타석에서 경기에 쐐기를 박는 좌월 투런 홈런을 신고했다. 구자욱의 시즌 1호 홈런. 경기 종료 후 만난 구자욱은 ""신구조화가 잘 어우러진 경기였다. 베테랑의 중요성을 한 번 더 깨달았다. 어린 선수들이 깔아주면 저희가 해결하는 깔끔한 경기였다""고 소감을 남겼다. 2015년 1군 데뷔 당시 쓰던 응원가 '달빛소년'이 돌아왔다. 첫 타석은 기존의 응원가가 흘러나왔고, 두 번째 타석에서 달빛소년이 깜짝이벤트로 공개됐다. 공교롭게도 이 타석에서 구자욱은 시즌 첫 안타를 시작으로 3안타 행진을 벌였다. 구자욱은 ""첫 타석에 나올 줄 알았다. 언질을 안 주시더라. (삼성 관계자가) 안 하게 됐다고 처음에는 말씀하셨는데, 두 번째 타석에 (달빛소년이) 나와서 웃으면서 타석이 들어갔다""라며 ""옛날 사진들이 막 나오더라. 옛날 생각 많이 났다. 구단 관계자분들께 감사드린다""고 밝혔다. 경기 전 선수들에게 묵직한 메시지를 남겼다. 구자욱은 ""이렇게 이야기를 했다. '이기는 것만 생각하자. (144경기 중) 한 경기이고, 오늘 못한다고 해서 세상이 무너지는 건 아니다. 경기 들어가는 3시간은 꼭 집중해서 이기는 것만 생각하자'고 했다""고 밝혔다. 구자욱의 말대로 선수들이 똘똘 뭉쳐 13-5 대승을 거뒀다. 홈런 포함 3안타 맹타를 휘둘렀다. 타격감에 대해 묻자 ""(타격감이) 떨어지는 시기라고 생각했다, 오늘 연습 때도 좋은 밸런스는 아니었다""라며 ""역시나 야구라는 게 컨디션과는 무관하더라. 타석에서는 연습 때와 너무 달랐다. 첫 타석 초구 볼 때 '오늘 좋은 결과가 있겠다'는 자신감을 갖게 됐다. 그 자신감으로 들이대며 쳤다""고 설명했다. '주장' 구자욱이 보는 '팀 삼성'은 어떨까. 구자욱은 ""이제 막 자리를 잡아가고 있는 것 같다. 아직 많이 부족한 팀이라고 생각하지만, 그래도 작년보다는 더 좋은 팀이 되어 가고 있다. 앞으로도 계속 좋아질 일만 팀이다. 집중하고 이기려고 노력하다 보면 좋은 선수들이 많이 나오지 않을까""라고 했다.",2025-03-22
"제대로 터졌다! '18안타 폭발' 삼성, 키움 완파...국민 유격수도 ""개막 맞춰 컨디션 조절 잘했네"" 대만족 [오!쎈 대구]","[OSEN=대구, 손찬익 기자] 제대로 터졌다. 프로야구 삼성 라이온즈가 막강 화력을 앞세워 정규 시즌 개막전을 승리로 장식했다. 삼성은 22일 대구삼성라이온즈파크에서 열린 키움 히어로즈와의 홈경기에서 13-5로 이겼다. 김헌곤(2회 1점)과 구자욱(5회 2점)의 홈런을 포함해 장단 18안타를 때려내며 키움 마운드를 사정없이 두들겼다. 뜨겁게 달아오른 삼성 타선은 2회와 4회 두 차례 빅이닝을 완성했다. 홈런 포함 4타수 3안타 4타점 3득점 원맨쇼를 펼친 구자욱을 비롯해 김지찬(5타수 3안타 2득점), 르윈 디아즈(4타수 3안타 2타점 1득점), 강민호(5타수 2안타 2타점 1득점), 박병호(4타수 2안타 2타점 1득점) 등 주축 타자들이 고른 활약을 펼쳤다. 선발 마운드에 오른 아리엘 후라도는 6회까지 마운드를 지키며 2점만 내주는 짠물투로 시즌 첫 등판을 승리로 장식했다. 이후 이호성과 송은범이 3이닝을 책임졌다. 반면 키움 선발로 나선 로젠버그는 3이닝 8피안타(1피홈런) 4볼넷 4탈삼진 8실점으로 무너졌다. 시즌 첫 패. 박진만 감독은 경기 후 “타자들이 전체적으로 개막일에 맞춰 컨디션 조절을 잘 해온 것 같다. 상위 타선, 중심 타선, 하위 타선 할 것 없이 모두 잘 해줬다”고 흡족한 반응을 보였다. 이어 “선발 후라도는 초반에 약간 흔들리는 기색이 있었지만 결국엔 본인 페이스를 되찾았다. 새로운 팀에서 개막전이라는 부담이 있었을 텐데, 이겨냈다. 앞으로도 좋은 모습을 보여서 연승을 달렸으면 한다”고 덧붙였다. 한편 삼성은 23일 선발 투수로 좌완 백정현을 내세운다. 이에 맞서는 키움의 선발 투수는 하영민이다. /what@osen.co.kr",2025-03-22
[SW비하인드] 구자욱도 놀란 서프라이즈…앞으로도 ‘달빛소년’ 함께한다,"사진=삼성라이온즈 제공
“재밌었어요.”
 
프로야구 삼성과 키움의 개막전이 펼쳐진 22일 대구 삼성라이온즈파크. 삼성은 구자욱과 팬들을 위해 깜짝 이벤트를 준비했다. 과거 사용했던 ‘달빛소년’ 응원가를 재가동한 것. 구자욱은 “옛날 생각이 많이 나더라”고 활짝 웃었다.
 
사실 1회 말 첫 타석 때까지만 하더라도 최근 사용한 응원가가 나왔다. 구자욱 본인도 살짝 기대했던 상황. “아예 언지를 안 주더라”면서 “첫 타석에 나올 줄 알았는데 안 나왔다. 안 쓰게 됐다고 말씀하시더라”고 뒷이야기를 풀었다.
 
두 번째 타석이었던 2회 말. 낯익은 음원이 흘러나왔다. 전광판엔 구자욱의 어린 시절 사진까지 등장했다. 구자욱은 팬들도 깜짝 놀랐다. 응원가 효과였을까. 공교롭게도 해당 타석부터 안타 행진을 가동하기 시작했다. 세 번째 타석 안타, 네 번째 타석 홈런까지 거침없이 내달렸다. 구자욱은 “구단 관계자분들게 너무 감사드린다”고 고개를 끄덕였다.
 
달빛소년은 구자욱은 1군 데뷔 때부터 썼던 응원가다. 다만, 2018년 저작권 이슈로 잠정 중단됐다. 해당 문제가 해결되면서 다시 한 번 야구장에 울려 퍼질 수 있게 됐다. 일회성이 아니다. 시즌 내내 두 가지 응원가를 모두 사용할 예정이다.
 
대구=이혜진 기자 hjlee@sportsworldi.com",2025-03-22
"""만만하다"" 친정팀 도발에 응수한 삼성 후라도, ""결과로 보여줬죠"" 싱긋 [IS 인터뷰]","삼성 라이온즈의 새 외국인 투수 아리엘 후라도가 친정팀 옛 동료들의 도발에 싱긋 웃었다. 결과로 증명했다며 어깨를 으쓱했다. 후라도는 22일 대구 삼성라이온즈파크에서 열린 2025 신한은행 SOL 뱅크 KBO리그 키움 히어로즈와의 개막전에 선발 등판, 6이닝 동안 90개의 공을 던져 8피안타(1피홈런) 1사사구 5탈삼진 2실점하며 팀의 13-5 대승을 이끌었다. 개막전 첫 경기부터 퀄리티스타트(QS·6이닝 이상 3자책 이하)를 기록하며 자신의 경쟁력을 입증했다. 이날 후라도는 최고 148km/h의 포심 패스트볼을 앞세워 키움 타자들을 돌려 세웠다. 땅볼을 유도하는 투심 패스트볼(16개)과 체인지업(18개), 슬라이더(14개), 커브(8개), 컷 패스트볼(1개)까지 다양한 공을 섞어 던졌다. 1회와 2회 연속 안타와 홈런을 맞으며 흔들리긴 했지만, 긴장한 후라도를 잘 다독인 포수 강민호 덕분에 조금씩 호흡을 다지며 QS를 만들어냈다. 친정팀을 상대로 호투했다. 지난 2년간 키움에서 뛰며 통산 21승 16패, 평균자책점 3.01을 기록한 바 있다. 지난시즌 후 키움과 재계약을 맺지 못한 후라도는 삼성과 총 100만 달러에 계약을 맺으며 팀을 옮겼고, 이날 공식전 첫 상대로 친정팀을 상대하게 됐다. 자신의 장단점을 잘 아는 친정 팀 타자들을 상대로, 구단이 원했던 긴 이닝을 성공적으로 잘 막아내주면서 새 시즌 기대를 높였다. 경기 후 후라도는 ""원하는 대로 첫경기를 잘 마무리한 것 같다. 초반에 살짝 제구가 잘 되지 않았지만 곧 리듬을 되찾아 QS를 했다. 만족스런 결과를 이끌어낼 수 있었다""라고 소감을 전했다. 친정팀을 상대로 호투한 점에 대해선 ""상대팀이 어느 팀이든, 매 경기 내가 할 수 있는 최선을 다해서 팀이 승리를 가져올 수 있도록 노력하겠다""라고 전했다. 한편, 후라도는 이틀 전 친정팀 옛 동료들의 도발을 받기도 했다. 20일 KBO 미디어데이에 나선 송성문과 이주형이 '지난해까지 함께 했던 후라도와 엔마누엘 데 헤이수스(KT 위즈) 가운데 누가 더 까다로울 것 같냐'는 질문에 ""후라도가 덜 까다롭다""라고 답한 것. 왼손 타자인 송성문은 ""왼손 투수 헤이수스보단 오른손 후라도가 더 만만하다. 헤이수스는 상대해보니까 못 치겠더라""고 말했다. 이주형은 ""라팍에서 좋은 기억이 많다. 그래서 후라도가 (상대하기) 더 나을 것 같다""고 전했다. 이 소식을 들은 후라도는 어땠을까. 이날 후라도는 송성문와 이주형에게 1안타 씩 허용했다. 1회 이주형에게 이날 첫 안타를 맞으며 후속타자의 타점을 내줬고, 2회엔 송성문과 푸이그에게 연속 안타를 맞았다. 하지만 이후 맞대결에선 모두 범타로 돌려 세우면서 안정을 찾았다. 이에 후라도는 미디어데이 때 도발을 언급하며 ""결과로 보여주지 않았나""라며 싱긋 웃었다. 대구=윤승재 기자",2025-03-22
[사진] 개막 축하 공연하는 삼성 치어리더,"[OSEN=대구, 이석우 기자] 22일 대구삼성라이온즈파크에서 2025 신한 SOL 뱅크 KBO 리그 삼성 라이온즈와 키움 히어로즈의 경기가 열렸다.

홈팀 삼성은 후라도가 방문팀 키움은 로젠버그가 선발 출전했다.

삼성 라이온즈 치어리더가 축하 공연을 하고 있다. 2025.03.22 / foto0307@osen.co.kr",2025-03-22
[사진] 개막 축하 공연하는 삼성 치어리더,"[OSEN=대구, 이석우 기자] 22일 대구삼성라이온즈파크에서 2025 신한 SOL 뱅크 KBO 리그 삼성 라이온즈와 키움 히어로즈의 경기가 열렸다.

홈팀 삼성은 후라도가 방문팀 키움은 로젠버그가 선발 출전했다.

삼성 라이온즈 치어리더가 축하 공연을 하고 있다. 2025.03.22 / foto0307@osen.co.kr",2025-03-22
"10년 만이야!…삼성, 라팍서 처음으로 개막전 승전고 울렸다","사진=삼성라이온즈 제공
“타자들, 준비 잘해왔다.”
 
시작이 좋다. 프로야구 삼성이 2025시즌 첫 단추를 승리로 끼웠다. 22일 대구 삼성라이온즈파크서 열린 키움과의 ‘2025 신한 쏠뱅크 KBO리그’ 홈경기서 13-5 대승을 거뒀다. 10년 만에 맛보는 홈 개막전 승리다. 심지어 라이온즈파크(2016년 개장)에선 처음으로 울리는 개막전 승전고이기도 하다. 야구장을 가득 메운 팬들(2만4000석 매진)에게 최고의 선물을 선사했다.
 
날카로운 발톱이 인상적이다. 타순을 가리지 않고 방망이가 매섭게 돌아갔다. 홈런 2개를 포함해 장단 18개의 안타를 때려냈다. 캡틴 구자욱이 3안타(1홈런) 4타점 3득점을 홀로 책임진 가운데 르윈 디아즈, 김지찬도 나란히 3안타씩을 때려내며 포효했다. 강민호, 박병호, 류지혁 등도 멀티히트로 힘을 보탰다. 초반부터 확실하게 기세를 올리며 주도권을 가져갈 수 있었다.
 
사진=삼성라이온즈 제공
 
덕분에 마운드도 힘을 낼 수 있었다. 완전한 컨디션을 아니었다. 선발투수 아리엘 후라도는 초반 1~2회 연거푸 실점하는 등 흔들리는 모습을 보였다. 타선의 지원을 받으며 점점 자신의 페이스를 찾아나갔다. 6이닝 2실점(2자책)을 기록, 퀄리티스타트(QS·선발 6이닝 이상 3자책 이하)를 작성한 원동력이다. 이호성, 송은범 등도 실점했지만 승패에 영향을 미치진 않았다.
 
박진만 삼성 감독은 “타자들이 전체적으로 개막일에 맞춰 컨디션 조절을 잘 해온 것 같다. 상위, 중심, 하위 할 것 없이 모두 잘 해줬다”고 칭찬했다. 이어 “선발 후라도는 초반에 약간 흔들리는 기색이 있었지만 결국 본인 페이스를 찾았다. 새로운 팀에서 개막전이라는 부담이 있었을 텐데 잘 이겨냈다. 앞으로도 좋은 모습을 보여서 연승을 달렸으면 한다”고 다독였다.
 
대구=이혜진 기자 hjlee@sportsworldi.com",2025-03-22
'구자욱 맹타·후라도 선발승'…삼성라이온즈 개막전 잡았다,"주장 구자욱과 선발 후라도가 좋은 모습을 보인 삼성라이온즈가 홈에서 펼쳐진 개막전에서 승리를 거두며 2025년 정규리그 기분 좋은 출발을 알렸습니다.

22일 오후 대구삼성라이온즈파크에서 펼쳐진 2025 신한 SOL BANK KBO리그 키움히어로즈와의 맞대결에서 삼성은 6이닝 2실점으로 첫 승을 챙긴 후라도와 홈런 포함 3안타 경기를 펼친 구자욱의 활약에 힘입어 13-5로 승리합니다.

1회초 지난해까지 삼성에서 뛰었던 카디네스에게 적시타를 허용하며 끌려간 삼성은 1회말 디아즈가 동점 적시타로 균형을 이룹니다.

2회초 다시 신인 여동욱이 홈런으로 키움이 앞서갔지만, 삼성은 2회말 김헌곤의 홈런을 포함해 4득점을 기록해 역전에 성공했습니다.

리드를 잡은 삼성은 4회말 구자욱의 적시타를 시작으로 무려 5점을 뽑으며 승기를 잡습니다.
넉넉한 리드를 가져가던 5회말에도 구자욱이 2점 홈런을 포함해 3점을 더한 삼성은 경기 후반 키움의 추격에도 넉넉하게 리드를 지키며 개막전 승리를 챙깁니다.

자기 몫을 해준 선발과 완벽한 모습을 보인 타격이 만든 승리로 개막전을 시작한 삼성은 23일도 키움을 상대로 2연승에 도전합니다.
(사진제공-삼성라이온즈)",2025-03-22
[프로야구 대구전적] 삼성 13-5 키움,"▲ 대구전적(22일)

키움 110 000 210 - 5

삼성 140 530 00X - 13

△승리투수 = 후라도(1승)

△패전투수 = 로젠버그(1패)

△홈런 = 여동욱 1호(2회1점) 푸이그 1호(7회2점·이상 키움)

김헌곤 1호(2회1점) 구자욱 1호(5회2점·이상 삼성)

(서울=연합뉴스)",2025-03-22
"18안타 13득점, 삼성 2만4000 만원 홈팬에 대승 선사...구자욱 3안타 4타점, 후라도 QS 첫승[대구리뷰]","[대구=스포츠조선 정현석 기자]삼성 라이온즈가 라팍을 가득 메운 홈팬들(2만4000석 매진)에게 화끈한 방망이로 개막전 승리 선물을 했다. 삼성은 22일 대구 라이온즈파크에서 열린 키움과의 개막전에서 13대5 대승을 거뒀다. 홈런 2방 포함, 장단 18안타 대폭발. 삼성은 김지찬-이재현-구자욱-강민호-디아즈-박병호-전병우-김영웅-김헌곤 라인업으로 키움 선발 케니 로젠버그를 공략했다. 전병우를 제외한 선발 전원안타로 키움 마운드를 초토화 하며 대량득점으로 이적 후 첫 등판에 나선 삼성 선발 아리엘 후라도의 어깨를 가볍게 했다. 타선의 짜임새와 역할 분담이 확실했다. 1,2번 테이블세터는 부지런히 찬스를 만들었다. 톱타자 김지찬은 3안타로 2득점, 2번 이재현은 1안타 4사구 3개로 4출루 경기를 하며 4득점 했다. 중심타선은 이들이 차린 밥상을 깨끗하게 먹어치웠다. 3번 구자욱은 투런 홈런 포함, 3안타 4타점 3득점, 4번 강민호와 5번 디아즈, 6번 박병호가 각각 2안타 2타점씩 3,4,5,6번이 10타점을 합작했다. 4번 강민호는 개막전 개인통산 20안타로 김광림 김태균과 함께 개막전 최다 안타 타이 기록을 세웠다. 초반은 키움이 달아나면 삼성이 추격하는 흐름. 1회초 키움이 카디네스의 적시타로 먼저 앞서갔다. 삼성은 1회말 1사후 2루타로 출루한 이재현을 디아즈가 적시타로 불러들였다. 2회초 키움이 선두 여동욱이 후라도를 상대로 루키 개막전 첫 타석 솔로 홈런(통산 3번째)으로 2-1로 다시 앞서갔다. 하지만 삼성은 1-2로 뒤진 2회말 김헌곤이 키움 선발 케니 로젠버그로부터 좌월 동점 솔로홈런을 날리머 흐름을 놓치지 않았다. 이 홈런을 신호탄으로 삼성은 1사 1,2루에서 구자욱의 결승 역전타와 강민호의 2타점 2루타로 단숨에 5-2를 만들었다. 4회 타자 일순하며 대거 5득점 하며 승부를 갈랐다. 무사 1,2루에서 구자욱의 적시타를 시작으로 박병호 류지혁 김영웅의 연속 적시타로 10-2로 크게 달아났다. 삼성은 5회 구자욱의 좌월 투런포 등 3점을 보태며 쐐기를 박았다. 구자욱의 홈런으로 삼성은 10개구단 최초 7만7000루타를 달성했다. 선발 후라도는 흔들림은 있었지만 수비와 타선 도움 속에 무너지지 않았다. 이적 후 첫 등판에서 홈런 포함, 8안타 1사구를 내줬지만 2실점으로 막아내는 퀄리티스타트로 첫 승을 거뒀다. 탈삼진 5개. 총투구수 90구에 최고 148㎞ 직구와 체인지업, 투심, 슬라이더, 커브를 섞어 던졌다. 키움 히어로즈 선발 외인 케니 로젠버그는 초반 타선 지원에도 3이닝 홈런 포함, 8안타와 4사구 4개로 8실점 하며 패전투수가 됐다. 투구수 74구. 최고 147㎞ 직구와 슬라이더 체인지업 커브 등 다양한 구종을 구사했지만 타자를 압도할 구위가 없었다. 디셉션 동작이 있었지만 오른손 타자에게는 큰 위력이 없었다. 키움은 외인타자 듀오 푸이그가 투런홈런 포함, 2안타 2타점, 카디네스가 4타수3안타 1타점으로 개막전부터 활발한 타격감을 보인 점이 위안거리였다. 10개 구단 신인 중 유일하게 선발 출전한 루키 여동욱과 교체 출전한 또 다른 루키 유망주 전태현은 각각 첫 타석 홈런과 안타를 신고하며 볼거리를 제공했다. 사진제공=삼성 라이온즈",2025-03-22
"'구자욱 3안타 4타점' 삼성, 개막전부터 타선 폭발…키움 마운드 폭격→13-5 대승","[스포티비뉴스=대구, 맹봉주 기자] 이보다 더 좋을 수 없는 출발이다. 삼성 라이온즈는 22일 대구 삼성라이온즈파크에서 열린 2025 신한 SOL 뱅크 KBO리그 개막전서 키움 히어로즈를 13-5로 크게 이겼다. 이날 경기는 매진이었다. 삼성라이온즈파크 24,000석이 가득 찼다. 지난해 삼성라이온즈파크 매진은 총 30번 있었다. 삼성의 개막전 매진은 2023년 이후 2년 만이다. 삼성 선발투수는 아리엘 후라도. 최근 두 시즌 키움 1선발로 활약했던 선수다. 타순은 김지찬(중견수), 이재현(유격수), 구자욱(좌익수), 강민호(포수), 르윈 디아즈(1루수), 박병호(지명타자), 전병우(2루수), 김영웅(3루수), 김헌곤(우익수)으로 꾸렸다. 구자욱이 4타수 3안타 1홈런 3타점 3득점으로 맹활약했다. 디아즈는 4타수 3안타 2타점 1득점, 김지찬은 5타수 3안타 2득점으로 펄펄 날았다. 후라도는 6이닝 공 90개 던지며 8피안타 2실점으로 승리 투수가 됐다. 키움은 송성문(2루수), 야시엘 푸이그(지명타자), 이주형(중견수), 루벤 카디네스(우익수), 최주환(1루수), 김태진(유격수), 여동욱(3루수), 박주홍(7번), 김재현(포수)으로 타순을 짰다. 선발투수는 케니 로젠버그였다. 로젠버그가 3이닝 8피안타 4볼넷 8실점으로 무너졌다. 공격에선 외국선수 2명이 분전했다. 카디네스가 4타수 3안타 1타점, 푸이그가 3타수 2안타 2타점 2득점을 기록했다. 신인 여동욱은 선발로 나와 프로 데뷔전 첫 타석부터 홈런을 쳤다. 시작은 키움이 좋았다. 특히 외국인 타자 2명이 득점과 타점을 기록하며 키움을 흐뭇하게 했다. 푸이그가 볼넷 출루 후 이주형의 안타 때 2루까지 갔다. 이어 카데네스가 3루와 2루 사이를 뚫는 안타로 푸이그를 홈으로 불렀다. 키움이 선취점을 뽑았다. 다만 더 달아나지 못한 건 키움 입장에서 아쉬웠다. 곧바로 역습을 맞았다. 로젠버그가 크게 흔들렸다. 1회에만 볼넷 2개, 안타 2개를 허용했다. 1점만 내준 게 다행일 정도. 삼성은 이재현이 2루타로 나갔고, 디아즈가 타점을 올렸다. 2회초 키움 신인 여동욱이 일을 냈다. 프로 데뷔전 첫 타석부터 홈런을 친 것. 솔로포 후 베트를 호쾌하게 던졌다. 키움의 득점은 여기까지었다. 이후 삼성이 5회까지 무려 12점을 퍼부었다. 김지찬부터 이재현, 구자욱, 강민호, 디아즈, 박병호로 이어지는 상위 타선이 모두 자기 몫을 했다. 9번 타자 김헌곤은 홈런을 때렸다. 5회까지 13득점으로 키움을 사실상 KO시켰다. 경기 초반 잠시 주춤했던 후라도는 빠르게 안정을 찾았다. 3회부터 무실점 피칭을 이어갔다. 지난해 보여준 퀄리티 스타트(6이닝 이상 3실점 이하) 장인다운 모습이었다.",2025-03-22
"'활화산 타선' 삼성 라이온즈, 2025시즌 개막전서 대승","첫 출발이 좋다. 삼성 라이온즈가 KBO 프로야구 2025시즌 홈 개막전을 승리로 장식했다. 삼성은 22일 대구 삼성라이온즈파크(이하 라팍)에서 열린 키움 히어로즈와의 개막전에 출격해 13대5로 이겼다. 선발투수 후라도가 경기 초반 흔들렸으나 점차 제 모습을 찾고, 타선이 장단 18안타로 화끈하게 지원 사격해 만원 관중 앞에서 키움을 무너뜨렸다. KIA 타이거즈는 지난해에 이어 2년 연속 챔피언을 꿈꾼다. 삼성은 KIA의 강력한 대항마로 꼽히는 팀. 지난해 한국시리즈에서 KIA에 밀렸으나 겨우내 칼을 갈았다. 키움의 에이스 후라도, LG 트윈스의 토종 선발 최원태를 영입해 선발투수진을 강화했다. 경기 전부터 후라도와 루벤 카데나스의 투타 맞대결이 관심을 끌었다. 후라도는 지난 2년 간 키움의 에이스로 활약한 투수. 반면 키움의 카디네스는 지난 시즌 한때 삼성에서 뛰다 퇴출된 타자. 대구상원고 출신 신인 여동욱이 키움의 선발 출전 명단에 든 것도 눈에 띄었다. 뛰어난 이닝 소화력은 후라도의 장점. 해마다 180이닝 이상 소화하며 선발투수 노릇을 톡톡히 해냈다. 하지만 이날 출발은 불안했다. 제구가 흔들렸다. 1회 투구 수만 28개. 4번 타자로 나선 카디네스에게 적시타를 맞아 선취점도 내줬다. 2회초엔 첫 타자 여동욱에게 솔로 홈런을 맞았다. 송성문과 야시엘 푸이그에게도 연속 안타를 허용했다. 하지만 이후 안정을 찾았다. 1루수 르윈 디아즈는 날카로운 땅볼 타구들을 연이어 잘 처리하며 후라도의 어깨를 가볍게 했다. 후라도의 이날 최종 성적은 6이닝 8피안타 5탈삼진 2실점(투구 수 90개). 2~6회엔 이닝당 투구 수는 13개가 채 안됐다. 속구 최고 구속은 시속 148㎞까지 나왔다. 커브, 슬라이더, 투심, 체인지업 등 다양한 구종을 효과적으로 던졌다. 에이스다웠다. 이날 삼성은 강력한 화력으로 키움 마운드를 맹폭했다. 0대1로 뒤진 1회말 디아즈의 적시타로 동점을 만들었고, 1대2로 뒤진 2회말 전세를 뒤집었다. 김헌곤의 솔로포로 동점을 만든 뒤 구자욱의 적시타, 강민호의 2타점 2루타로 5대2까지 달아났다. 4회말엔 5점을 보태 일찌감치 승부를 갈랐다. 키움 선발 케니 로젠버그(3이닝 8피안타 8실점)는 4회말을 마무리짓지 못한 채 강판됐다. 구자욱의 적시타, 박병호의 2타점 중전 안타에 이어 류지혁과 김영웅도 적시타를 보탰다. 구자욱은 5회말 좌월 2점 홈런까지 터뜨렸다. 경기 후 후라도는 ""초반에 살짝 제구가 되지 않았지만 금세 리듬을 찾았다. 상대가 누구든지 매 경기 내가 할 수 있는 최선을 다해 팀이 승리를 가져올 수 있도록 노력하겠다""고 했다. 박진만 감독은 ""새 팀에서 개막전이라 부담이 있었을텐데 후라도가 잘 이겨냈다. 앞으로도 좋은 모습을 보여 연승을 달렸으면 한다""고 했다. 한편 이날 라팍은 매진을 기록했다. 2만4천석이 모두 팔렸다. 라팍뿐 아니라 광주, 서울 잠실, 인천, 수원까지 개막전이 열린 전 구장이 매진됐다. 3년 연속 개막전 전 구장 매진. 이날 5개 구장에는 모두 10만9천950명이 찾아 따뜻한 봄날 야구 개막전을 즐겼다.",2025-03-22
'구자욱 4타점 폭발' 삼성 타선 미쳤다! 키움 상대 8점 차 대승…키움 유일 외인 8실점 어쩌나 [대구 리뷰],"[OSEN=대구, 손찬익 기자] 프로야구 삼성 라이온즈 타선이 정규 시즌 개막전부터 제대로 터졌다. 삼성은 22일 대구삼성라이온즈파크에서 열린 키움 히어로즈와의 홈경기에서 13-5로 크게 이겼다. 삼성 선발 아리엘 후라도는 옛 동료를 상대로 시즌 첫 승을 신고했다. ‘캡틴’ 구자욱은 홈런 포함 3안타 4타점 원맨쇼를 펼쳤다. 강민호는 개인 통산 개막전 최다 안타 신기록을 달성했다. 반면 키움은 쓰라린 패배를 당했지만 신인 내야수 여동욱의 데뷔 첫 홈런에 위안을 삼아야 했다. 외국인 투수 아리엘 후라도를 선발 투수로 내세운 삼성은 중견수 김지찬-유격수 이재현-좌익수 구자욱-포수 강민호-1루수 르윈 디아즈-지명타자 박병호-2루수 전병우-3루수 김영웅-우익수 김헌곤으로 선발 라인업을 구성했다. 키움은 2루수 송성문-지명타자 야시엘 푸이그-중견수 이주형-우익수 루벤 카디네스-1루수 최주환-유격수 김태진-3루수 여동욱-좌익수 박주홍-포수 김재현으로 타순을 꾸렸다. 선발 투수는 좌완 케니 로젠버그. 선취점은 키움의 몫. 1회 1사 후 몸에 맞는 공과 안타로 1사 1,2루 기회를 잡은 키움. 루벤 카디네스가 좌전 안타를 때려 1점을 먼저 얻었다. 삼성은 1회말 공격 때 이재현의 2루타와 구자욱의 볼넷으로 만든 2사 1,3루서 디아즈의 좌전 적시타로 1-1 균형을 맞췄다. 그러자 키움은 2회 선두 타자 여동욱이 삼성 선발 후라도를 상대로 좌월 솔로 아치를 날렸다. 볼카운트 1B-1S에서 3구째 직구(146km)를 공략해 좌측 담장 밖으로 날려 버렸다. 비거리는 120m. 이로써 여동욱은 프로 데뷔 첫 타석에서 마수걸이 홈런을 장식하는 기쁨을 누렸다. 삼성은 2회말 공격 때 빅이닝을 완성하며 승기를 가져왔다. 1사 후 김헌곤이 케니 로젠버그를 상대로 좌월 솔로 아치를 날려 2-2 균형을 맞췄다. 김지찬의 좌전 안타, 이재현의 몸에 맞는 공, 구자욱의 우전 안타로 1점 더 보탠 삼성은 강민호가 우중간 2루타를 날려 5-2로 달아났다. 삼성은 4회 무사 1,2루 찬스에서 구자욱의 좌전 안타로 1점 더 보탰다. 키움 선발 로젠버그 대신 전준표가 마운드에 올랐다. 삼성 타선은 더욱 뜨겁게 달아올랐다. 강민호가 삼진으로 물러났지만 디아즈의 안타로 주자 만루가 됐고 박병호, 류지혁, 김영웅이 잇달아 적시타를 때려냈다. 10-2. 삼성은 5회에도 구자욱이 좌월 투런 아치를 폭발했고 강민호의 2루타, 디아즈의 희생 플라이로 13득점째 기록했다. 키움은 7회 푸이그의 투런 아치로 추격에 나섰다. 8회 김동헌의 적시타로 1점 더 따라붙었지만 더 이상 점수 차를 좁히지 못했다. 삼성 선발 후라도는 6이닝 8피안타(1피홈런) 1볼넷 5탈삼진 2실점으로 잘 던졌다. 이호성과 송은범이 나머지 이닝을 책임졌다. 구자욱은 홈런 포함 3안타 4타점 3득점으로 공격을 주도했고 김지찬(5타수 3안타 2득점), 이재현(2타수 1안타 4득점), 강민호(5타수 2안타 2타점 1득점), 디아즈(4타수 3안타 2타점 1득점), 박병호(4타수 2안타 2타점 1득점) 등 타자들이 고른 활약을 펼쳤다. 키움 선발로 나선 로젠버그는 3이닝 8피안타(1피홈런) 4볼넷 4탈삼진 8실점으로 무너졌다. 시즌 첫 패. /what@osen.co.kr",2025-03-22
"18안타 2홈런→13득점 쾅! '이것이 대구의 닥공 야구' 삼성, 개막전서 키움에 압승…후라도 6이닝 2실점 [MD대구]","[마이데일리 = 대구 김경현 기자] 삼성 라이온즈가 2025 시즌 개막전에서 키움 히어로즈를 힘으로 제압했다. 삼성은 22일 대구 삼성 라이온즈파크에서 열린 2025 신한 SOL Bank KBO리그 개막전 키움과의 홈 경기에서 13-5로 승리했다. 삼성은 개막전에서 승리를 기록, 2025년 기분 좋은 출발을 알렸다. 키움은 언더독의 반란을 꿈꿨지만 화력 차이를 극복하지 못했다. ▲선발 라인업 삼성 : 김지찬(중견수)-이재현(유격수)-구자욱(좌익수)-강민호(포수)-르윈 디아즈(3루수)-박병호(지명타자)-전병우(2루수)-김영웅(3루수)-김헌곤(우익수). 선발투수 아리엘 후라도. 키움 : 송성문(2루수)-푸이그(지명타자)-이주형(중견수)-카디네스(우익수)-최주환(3루수)-김태진(유격수)-여동욱(3루수)-박주홍(좌익수)-김재현(포수). 선발투수 케니 로젠버그. 후라도는 6이닝 8피안타(1피홈런) 1몸에 맞는 공 5탈삼진 2실점을 기록, 승리투수가 됐다. 최고 구속은 148km/h가 찍혔다. 총 90구를 던져 포심 패스트볼 33구, 체인지업 18구, 투심 패스트볼 16구, 슬라이더 14구, 커브 8구, 커터 1구를 구사했다. 타선은 대거 18안타를 뽑았다. 구자욱이 4타수 3안타 1홈런 3득점 4타점으로 펄펄 날았다. 김지찬이 5타수 3안타 2득점, 디아즈가 4타수 3안타 1득점 2타점, 강민호가 5타수 2안타 1득점 2타점, 박병호가 4타수 2안타 1득점 2타점으로 힘을 보탰다. 로젠버그는 3이닝 8피안타(1피홈런) 4사사구 4탈삼진 8실점으로 패전투수가 됐다. 구속은 최고 147km/h가 나왔다. 74구를 던졌고 포심 패스트볼 34구, 체인지업 18구, 슬라이더 17구, 커브 5구를 구사했다. 여동욱이 역대 세 번째 개막전 신인 첫 타석 홈런을 포함 3타수 1안타 1홈런 1타점 1득점을 기록했지만 팀의 패배로 빛이 바랬다. 루벤 카디네스는 4타수 3안타 1타점, 푸이그는 3타수 2안타 1홈런 2득점 2타점을 기록했다. 시작부터 양 팀이 점수를 주고받았다. 1회초 키움은 푸이그의 몸에 맞는 공과 이주형의 중전 안타로 1사 1, 2루 기회를 잡았다. 카디네스가 좌전 1타점 적시타를 신고, 이날 첫 점수를 뽑았다. 1회말 삼성도 이재현의 2루타와 구자욱의 볼넷과 강민호의 진루타를 더해 1사 1, 3루를 만들었다. 디아즈가 유격수 옆을 지나가는 1타점 적시타를 기록, 1-1 균형을 맞췄다. '루키' 여동욱이 대형 사고를 쳤다. 2회초 데뷔 첫 타석에 등장한 여동욱, 후라도의 3구 147km를 공략해 좌월 솔로 홈런을 때려냈다. 커리어 1호 홈런이자 세 번째 역대 개막전 신인 첫 타석 홈런. 1998년 4월 11일 대구 삼성전 조경환(롯데 자이언츠), 2018년 3월 24일 광주 KIA 타이거즈전 강백호(KT 위즈) 이후 세 번째 기록이다. 삼성도 대포로 분위기를 가져왔다. 2회말 1사 이후 김헌곤이 로젠버그의 144km 패스트볼을 통타, 좌월 솔로 홈런을 신고했다. 김헌곤의 개막전 개인 첫 홈런. 이어 김지찬이 안타, 이재현이 몸에 맞는 공으로 출루했다. 1사 1, 2루에서 구자욱이 우전 1타점 적시타, 강민호가 우중간 2타점 2루타를 뽑았다 2회에만 대거 4점을 뽑은 삼성은 5-2로 경기를 뒤집었다. 삼성의 '닥공'은 계속됐다. 4회말 김지찬의 체크 스윙이 빗맞은 땅볼이 됐고, 행운의 내야안타로 이어졌다. 이재현이 볼넷을 골라내며 무사 1, 2루가 됐다. 구자욱이 좌익수 방면 1타점 적시타를 쳤다. 홍원기 감독은 로젠버그를 내리고 전준표를 투입했다. 강민호의 삼진으로 만들어진 1사 1 2루, 디아즈-박병호-류지혁-김영웅이 4연속 안타를 치며 삼성이 4점을 더했다. 5회에도 삼성은 구자욱의 투런 홈런과 디아즈의 희생플라이로 3득점 빅이닝을 완성했다. 키움도 그냥 넘어가지 않았다. 7회초 김동헌의 안타에 이어 푸이그가 추격의 투런 홈런을 뽑았다. 푸이그의 시즌 1호 홈런. 8회말 1사 1, 3루에서도 김동헌이 좌전 1타점 적시타를 쳤다. 하지만 오선진이 4-6-3 병살타로 물러나며 찬스가 무산됐다. 9회초 송은범이 아웃 카운트 3개를 획득, 삼성이 13-5로 대승을 거뒀다.",2025-03-22
"'삼성 팬들 얼마나 울릴거야' 구자욱, 8년 만에 돌아온 달빛소년 맞춰 역전 적시타→쐐기포까지 [IS 스타]","완벽한 스토리가 만들어졌다. 8년 만에 돌아온 응원가에 삼성 라이온즈 구자욱이 맹타를 휘두르며 팀의 개막전 대승을 이끌었다. 구자욱은 22일 대구 삼성라이온즈파크에서 열린 2025 신한은행 SOL 뱅크 KBO리그 키움 히어로즈와의 개막전에서 3번 타자·좌익수로 선발 출전, 홈런 포함 4타수 3안타 1볼넷 4타점 3득점 만점 활약을 펼치며 팀의 13-5 승리를 견인했다. 이날 구자욱은 특별한 경험을 했다. 자신의 응원가가 8년 만에 돌아온 것이다. 2회 두 번째 타석이었다. 구자욱이 타석에 들어선 순간 전광판에 '오래 기다리셨습니다' 문구가 떴다. 이어 익숙하지만 어색한 멜로디가 대구 삼성라이온즈파크에 울려 퍼졌고, 2만4000명의 팬들은 환호성을 질렀다. 팬들이 그토록 바라던 '달빛소년'이 부활한 것이다. '달빛소년'은 구자욱이 2015년 1군 데뷔해부터 썼던 응원곡이다. 흥겨운 멜로디에 가사만 개사해 많은 팬의 사랑을 받았던 응원가였지만, 2018년 응원가 저작권 문제로 중단됐다. 이후 김상헌 응원단장의 '허니크루'가 만든 자작곡으로 응원가를 대체했다. 이 응원가 역시 많은 사랑을 받았지만, 지난해 엘도라도 부활 이후 구자욱의 응원가 역시 부활을 원하는 팬들이 많아졌다. 이에 삼성 구단이 화답했다. 지난겨울 저작권 문제를 해결하면서 다시 이 곡을 쓸 수 있게 된 구단은 2025시즌 개막전인 22일, 깜짝 이벤트와 함께 선수와 팬들에게 감동을 선사했다. 첫 번째 타석에선 기존 응원가를 사용했다. 두 번째 타석에 구자욱의 젊은 시절 영상을 전광판에 띄우면서 해당 음악을 틀었다. 개막전 라팍을 찾은 홈팬들에게 깜짝 선물을 선사하고 싶었다는 게 구단 관계자의 설명이다. 이후 드라마가 시작됐다. 돌아온 응원가와 함께 구자욱이 초구 안타를 쳐내며 2루 주자를 홈으로 불러들였다. 2-2 팽팽했던 승부가 구자욱의 역전 적시타로 삼성 쪽으로 기울기 시작했다. 구자욱은 4회 세 번째 타석에서도 초구 적시타를 때려내면서 타점을 올렸다. 이어진 5회엔 기존 응원가로 타석에 들어서 쐐기 2점 홈런을 쏘아 올렸다. 구자욱이 그라운드를 돌 땐 '달빛소년'이 울려 퍼지면서 팬들에 감동을 안겼다. 대구=윤승재 기자",2025-03-22
"'믿고 보는 구자욱+후라도' 18안타 맹폭한 삼성, 개막전서 키움에 13-5 대승","삼성 라이온즈가 2025시즌 포문을 화끈하게 열었다. 삼성은 22일 대구 삼성라이온즈파크에서 열린 2025 신한 SOL 뱅크 KBO리그 키움 히어로즈와의 개막전 홈 경기에서 13-5 대승을 거뒀다. 이날 라팍에 모인 2만4000명 만원 관중 앞에서 화끈한 공격력을 선보였다. 타선이 대폭발했다. 홈런 두 방을 포함해 무려 18안타를 쏟아부었다.  리드오프 김지찬이 3안타 2득점, 이재현이 3안타 2볼넷 4득점한 가운데, 구자욱이 홈런 포함 3안타 4타점 3득점 맹타를 휘둘렀다. 4번타자 강민호도 2안타 2타점, 디아즈도 3안타 2타점으로 활약했고, 박병호도 2안타 2타점을 올렸다. 마운드에선 아리엘 후라도의 활약이 빛났다. 6이닝 동안 90개의 공을 던져 8피안타했지만 몸에 맞는 볼 1개에 삼진 5개를 곁들여 2실점으로 선방했다. 이후 이호성이 3피안타 2실점했지만 점수 차는 이미 크게 벌어진 뒤였다. 키움은 선발 로젠버그가 3이닝 동안 8피안타 4사사구 8실점으로 부진했다. 전준표가 1이닝 2실점, 조영건이 3이닝 3실점했다. 타선에선 신인 여동욱과 푸이그가 홈런을 때려냈고, 카디네스가 3안타로 맹활약했지만 점수를 뒤집기엔 부족했다. 이날 먼저 웃은 팀은 키움이었다. 1사 후 푸이그의 몸에 맞는 볼과 이주형의 안타로 1, 2루 기회를 잡은 키움은 카디네스의 좌전 적시타로 선취점을 올렸다. 하지만 삼성도 1회 말 1사 후 이재현의 2루타와 구자욱의 볼넷, 디아즈의 적시타로 동점을 만들었다. 키움은 2회 다시 달아났다. 신인 여동욱이 개막전이자 데뷔 첫 타석에서 홈런을 쏘아 올리면서 강렬한 인상을 남겼다. 삼성 에이스 후라도의 146km/h 포심 패스트볼을 그대로 받아쳐 좌월 홈런으로 연결했다. 신인 선수가 개막전 데뷔 첫 타석에서 홈런을 쏘아 올린 건 2018년 3월 24일 광주 KIA 타이거즈전에서 첫 타석 홈런을 때린 KT 위즈 강백호 이후 7년 만이다. 하지만 삼성이 2회 말 4득점 빅이닝을 만들었다. 1사 후 김헌곤의 홈런으로 균형을 맞춘 삼성은 김지찬의 안타와 이재현의 몸에 맞는 볼, 구자욱의 적시타로 역전했다. 이후 강민호의 2타점 적시 2루타로 점수를 벌렸다. 삼성은 4회 말 5득점하며 쐐기를 박았다. 선두타자 김지찬의 내야 안타와 이재현의 볼넷, 구자욱의 적시타로 점수를 뽑아낸 삼성은 1사 후 디아즈의 적시타와 박병호의 2타점 적시타로 점수 차를 벌렸다. 이후 류지혁과 김영웅의 연속 적시타로 두 자릿수 점수를 만들었다. 삼성은 5회 말 선두타자 이재현의 볼넷과 구자욱의 2점포, 강민호의 2루타와 폭투, 디아즈의 희생플라이로 총 3점을 더 달아나며 승기를 완전히 가져왔다. 키움은 7회 초 선두타자 대타 김동헌의 안타와 푸이그의 2점포로 점수를 만회했지만 점수 차가 이미 크게 벌어진 뒤였다. 키움은 8회 초 선두타자 전태현의 안타와 박주홍의 스트라이크 낫 아웃 폭투, 김동헌의 적시타로 득점했지만, 오선진의 병살타로 기회를 이어가지 못했다. 9회엔 선두타자 푸이그와 이재상의 출루로 무사 1, 2루를 만들었지만 점수를 내지 못하고 패했다. 대구=윤승재 기자",2025-03-22
"삼성 구자욱, 개막전서 홈런 '쾌포'... 구단 7만7000루타 달성","삼성 구자욱
[진병두 마니아타임즈 기자] 삼성 라이온즈의 캡틴 구자욱이 2025 시즌 개막전에서 쾌조의 출발을 알렸다.

구자욱은 22일 삼성라이온즈파크에서 열린 키움 히어로즈와의 '2025 신한 쏠뱅크 KBO리그' 개막전에 3번 타자 겸 좌익수로 선발 출전해 시즌 첫 홈런을 터뜨렸다.

이날 홈런은 삼성이 10-2로 크게 앞선 5회말에 나왔다. 이재현의 볼넷으로 만들어진 무사 1루 상황에서 타석에 들어선 구자욱은 키움의 세 번째 투수 조영건의 142km 직구를 정확하게 공략해 담장을 넘기는 투런 홈런을 기록했다.

이 홈런으로 삼성은 KBO리그 최초로 7만7000루타 고지를 달성하는 기록도 함께 세웠다.

프랜차이즈 스타인 구자욱은 지난 시즌 129경기에서 타율 0.343, 33홈런 115타점을 기록하며 개인 커리어 하이를 새롭게 썼고, 개인 통산 세 번째 외야수 부문 골든글러브를 수상했다.

하지만 지난해 가을야구에서 불의의 부상으로 팀에 도움을 주지 못했던 그는 겨우내 재활에 매진한 끝에 건강한 몸상태로 2025 시즌을 시작했다.",2025-03-22
"첫 판부터 '옛 동료' 만난 삼성 후라도, 6이닝 5K 2실점 호투","[서울=뉴시스]김희준 기자 = 삼성 라이온즈 데뷔전에서 '옛 동료'를 상대한 외국인 우완 투수 아리엘 후라도가 무난한 투구를 선보였다. 후라도는 22일 대구 삼성라이온즈파크에서 벌어진 2025 신한 쏠뱅크 KBO리그 키움 히어로즈와의 개막전에 선발 등판해 6이닝 8피안타(1홈런) 2실점을 기록, 퀄리티스타트(선발 6이닝 이상 3자책점 이하)를 써냈다. 90개의 공을 던진 후라도는 삼진 5개를 잡았고, 사사구는 1개만 내줬다. 후라도는 2023~2024년 키움에서 뛰며 실력을 검증한 외국인 투수다. KBO리그 첫 해였던 2023시즌 30경기에 등판해 183⅔이닝을 던지며 11승 8패 평균자책점 2.65을 작성하며 에이스로 우뚝 섰다. 키움과 재계약에 성공한 후라도는 2024시즌에도 30경기에서 190⅓이닝을 소화하며 10승 8패 평균자책점 3.36으로 준수한 성적을 냈다. 그러나 새 판을 짜기로 결심한 키움은 후라도와 재계약하지 않기로 하고, 보류권도 포기했다. 새 팀을 찾아야하는 후라도에게 손을 내민 것은 삼성이었다. 지난해 한국시리즈 준우승을 차지한 삼성은 마운드 보강 필요성을 절실히 느꼈고, 이닝이터의 면모를 아낌없이 과시한 후라도에게 손을 내밀었다. 삼성과 100만 달러에 계약한 후라도는 시범경기에서 2경기 7⅔이닝 9실점(8자책점), 평균자책점 9.39로 다소 흔들렸지만, 개막전 선발로 낙점됐다. 1선발 데니 레예스와 토종 에이스 원태인이 부상 여파로 개막전 합류가 힘든 상황에서 박진만 삼성 감독은 후라도에 개막전 선발 중책을 맡겼다. 삼성의 개막전 상대가 키움이라 후라도는 삼성 데뷔전부터 KBO리그의 '친정팀'을 상대하게 됐다. 후라도는 불안하게 출발했다. 1회초 야시엘 푸이그에 몸에 맞는 공을 던졌고, 이주형과 루벤 카디네스에 연속 안타를 맞아 키움에 선취점을 줬다. 이어진 1사 1, 2루에서 최주환을 중견수 플라이로, 김태진을 투수 땅볼로 잡아 더 이상의 실점은 막았다. 후라도는 2회초 선두타자로 나선 키움의 신인 여동욱에 좌월 솔로 홈런을 헌납했다. 여동욱은 후라도의 3구째 시속 146㎞ 직구가 스트라이크존 한복판에 들어오자 이를 잡아당겨 왼쪽 담장을 넘겼다. 이후 아웃카운트 2개를 잡았던 후라도는 송성문, 푸이그에 연속 안타를 맞아 2사 1, 3루에 몰렸지만, 이주형에 1루수 땅볼을 유도해 위기를 넘겼다. 삼성이 2회말에만 4점을 올려 5-2로 달아났고, 후라도도 점차 안정을 찾았다. 3회초 카디네스에 좌전 안타를 허용했으나 최주환을 삼진으로 처리한 후 김태진에 병살타를 이끌어내 이닝을 끝냈다. 4, 5회초를 모두 삼자범퇴로 마무리한 후라도는 6회에도 마운드에 올랐다. 카디네스를 삼진으로 잡은 후라도는 최주환, 김태진에 연속 안타를 맞았지만, 여동욱을 삼진으로 돌려세운 뒤 박주홍을 좌익수 뜬공으로 잡아 실점없이 이닝을 끝냈다. 후라도는 7회초 이호성에 마운드를 넘겼다. 키움의 새 외인 케니 로젠버그는 3이닝 8피안타(1홈런) 4탈삼진 4사사구 8실점으로 난조를 보이며 혹독한 KBO리그 신고식을 치렀다. 새 판을 짜기로 한 키움은 공격력 강화를 위해 올 시즌 외국인 선수를 타자 2명, 투수 1명으로 꾸렸다. 그런 만큼 로젠버그의 역할이 중요한데 개막전에서 삼성의 강타선에 난타를 당했다. 키움도 고민을 안게 됐다.",2025-03-22
"개막전 앞두고 친동생 그랜드슬램 소식에 도파민 폭발! 삼성 배찬승, “날씨 따뜻해지면 더 좋아질 것” 자신만만 [오!쎈 대구]","[OSEN=대구, 손찬익 기자] 22일 키움 히어로즈와의 정규 시즌 개막전을 앞두고 취재진과 만난 프로야구 삼성 라이온즈의 ‘슈퍼 루키’ 배찬승은 “여러가지 감정이 교차한다. 무엇보다 기대가 많이 된다”고 말했다. 대구고를 졸업한 뒤 올 시즌 삼성의 1라운드 지명을 받고 프로 생활을 시작한 배찬승은 150km대 빠른 공을 뿌리는 좌완 파이어볼러. 스프링캠프 MVP로 선정될 만큼 구단에서 거는 기대가 아주 크다. 박진만 감독은 배찬승을 두고 “개막전 엔트리 승선을 넘어 그 이상을 바라본다""고 필승 카드로 활용할 뜻을 내비쳤다. 22일 개막전을 앞두고 취재진과 만난 배찬승은 “살면서 이런 경험이 얼마나 될지 모르겠지만 꿈꿔왔던 순간이고 그 꿈을 이루게 되어 굉장히 기쁘다”고 개막 엔트리 승선 소감을 밝혔다. 또 “선배님께서 제 자신을 믿고 씩씩하게 던지면 된다고 다독여주셨다”며 “긴장 안 되면 거짓말이다. 너무 긴장 안 하는 것보다 적당한 긴장이 더 도움이 될 것”이라고 내다봤다. 배찬승은 개막전을 앞두고 반가운 소식을 전해들었다. 대구고 4번 타자로 활약 중인 친동생 배다승(내야수)이 고교야구 주말리그에서 만루 홈런을 터트렸기 때문. 그는 “부모님께 동생이 만루 홈런을 쳤다는 이야기를 해주셨다. 동생은 저보다 체격이 더 좋고 탄탄하다. 동생과 한 팀에서 뛰게 된다면 정말 좋을 것 같다”는 바람을 드러냈다. 만원 관중 앞에서 마운드에 오르는 모습을 상상해봤을까. 그는 “지난번에 만원 관중 앞에서 던질 때 피치컴이 조금 안 들리긴 했는데 금방 적응했다. 팬들께서 많이 찾아와주셔서 감사드린다. 저는 제 피칭을 잘하는 게 중요하다”고 강조했다. 현재 페이스는 좋은 편. 배찬승은 “등판할 때마다 좋은 공을 던져야 하니까 페이스를 빨리 올린 것도 있다. 좋은 흐름을 잘 유지하고 싶은 마음이 크다. 날씨가 따뜻해지면 더 좋아질 것”이라고 말했다. 입단 동기 심재훈, 차승준(이상 내야수), 함수호(외야수)는 퓨처스 무대에서 경험을 쌓고 있다. 신인 혼자 1군에 남아 허전한 마음이 들 듯. 이에 배찬승은 “행들 모두 잘 챙겨주셔서 괜찮다. 친구들 기록도 다 보고 있는데 잘하고 있더라. 내심 뿌듯하고 곧 (1군에) 올라올 것 같다”고 했다. 올 시즌 삼성 마운드의 필승 카드로 나설 배찬승은 “중간에 나와서 아웃 카운트 1개든 1이닝이든 믿고 맡길 수 있는 투수로 성장하는 게 목표다. 지켜봐주셨으면 좋겠다”고 했다. /what@osen.co.kr",2025-03-22
'5회까지 멀티 안타' 삼성 강민호…개막전 최다 안타 타이기록,"'20안타' 김광림·김태균·정근우와 동률
[서울=뉴시스] 프로야구 삼성 라이온즈 강민호가 22일 대구 삼성라이온즈파크에서 열린 키움 히어로즈와의 2025 신한쏠뱅크 KBO리그 개막전에서 개막전 최다 안타 타이기록을 세웠다. (사진=삼성 라이온즈 제공) 2025.03.22. *재판매 및 DB 금지


[서울=뉴시스]문채현 기자 = 프로야구 삼성 라이온즈의 안방마님 강민호가 KBO리그 개막전 통산 최다 안타 타이기록을 세웠다.

강민호는 22일 대구 삼성라이온즈파크에서 열린 키움 히어로즈와의 2025 신한쏠뱅크 KBO리그 개막전에 4번 타자 포수로 선발 출전해 안타 두 개를 터트렸다.

2004년 프로 무대에 입성해 개막전에서만 안타 18개를 기록 중이던 그는 이날 두 개의 안타를 추가하며 김광림(전 쌍방울), 김태균(전 한화), 정근우(전 LG)와 어깨를 나란히 했다.

이날 경기 1회 뜬공으로 물러났던 강민호는 2회말 1사 1, 3루에 우중간을 가르는 2타점 2루타를 작렬했다.

그는 3회말 무사 1, 2루에 다시 나서 삼진으로 물러났으나, 5회말 좌전 2루타를 치는 데 성공하며 개막전 20안타에 도달했다.

이날 강민호가 안타를 1개 이상 더 추가할 경우 개막전 통산 최다 안타의 영예를 안게 된다.",2025-03-22
"팀 유일 외인투수인데 어쩌나…키움 로젠버그, 데뷔전서 8실점 난타→삼성, 4회에만 5안타 5득점 [MD대구]","[마이데일리 = 대구 김경현 기자] 키움 히어로즈의 유일한 외국인 투수 좌완 케니 로젠버그가 KBO리그 공식 데뷔전에서 아쉬운 결과를 남겼다. 로젠버그는 22일 대구 삼성 라이온즈파크에서 열린 2025 신한 SOL Bank KBO리그 개막전 삼성 라이온즈와의 원정 경기에서 선발투수로 등판, 3이닝 8피안타(1피홈런) 4사사구 4탈삼진 8실점으로 무너졌다. 구속은 최고 147km/h까지 찍혔다. 총 74구를 던져 직구 34구, 체인지업 18구, 슬라이더 17구, 커브 5구를 구사했다. 시작부터 힘겨운 승부를 했다. 1회말 1사에서 로젠버그는 이재현에게 우익수 방면 2루타를 맞았다. 구자욱은 볼넷을 골라냈고, 강민호가 우익수 방면 뜬공을 치며 2사 1, 3루가 됐다. 르윈 디아즈가 유격수 옆을 지나가는 좌전 1타점 적시타를 쳤다. 박병호가 볼넷을 골라내며 2사 만루가 됐다. 로젠버그는 전병우를 삼진으로 처리하며 추가 실점을 막았다. 고난이 계속됐다. 팀이 2-1로 앞선 2회말 1사에서 로젠버그는 김헌곤에게 동점 솔로 홈런을 허용했다. 김헌곤의 개막전 통산 1호 홈런. 이어 김지찬에게 안타, 이재현에게 몸에 맞는 공을 내주며 1사 1, 2루 위기를 자초했다. 구자욱이 우전 1타점 적시타, 강민호가 우중간 2타점 2루타를 기록했다. 로젠버그는 디아즈를 2루수 땅볼, 박병호를 헛스윙 삼진으로 처리하고 이닝을 마무리했다. 3회말 처음으로 삼자범퇴 이닝을 만든 로젠버그는 4회말 다시 위기에 직면했다. 선두타자 김지찬이 체크스윙 한 것이 절묘한 내야안타가 됐다. 이재현의 볼넷으로 무사 1, 2루가 됐다. 구자욱이 좌전 1타점 적시타를 쳤다. 여기서 홍원기 감독이 움직였다. 전준표가 마운드에 올랐고, 로젠버그는 이날 피칭을 마쳤다. 전준표가 로젠벅의 책임 주자를 모두 들여보내, 실점은 8점까지 불어났다. 키움은 타격에 목마름을 느껴 10개 구단 중 유일하게 2인 외국인 타자를 기용했다. 자연스럽게 외국인 투수는 로젠버그가 유일하다. 선발진의 양적 약화를 감수한 만큼, 로젠버그의 활약은 필수적이다. 하지만 개막전 아쉬운 피칭으로 '에이스'의 역할을 해내지 못했다. 한편 경기는 5회말이 진행 중인 가운데 키움이 2-10으로 밀리고 있다.",2025-03-22
"한층 건강해진 몸으로…구자욱, 개막전부터 투런포 폭발","사진=삼성라이온즈 제공
삼성의 캡틴, 구자욱이다.
 
외야수 구자욱(삼성)이 쾌조의 출발을 자랑했다. 22일 삼성라이온즈파크에서 열린 키움과의 ‘2025 신한 쏠뱅크 KBO리그’ 개막전에 3번 및 좌익수로 선발 출전했다. 첫 경기에서부터 콘택트, 파워, 선구안 등 다채로운 기량을 자랑하며 시선을 사로잡았다.
 
하이라이트는 역시 강력한 한 방이다. 10-2로 크게 앞선 5회 말이었다. 이재현의 볼넷으로 만들어진 무사 1루 상황서 구자욱이 타석에 섰다. 상대 세 번째 투수 조영건의 4구를 공략했다. 142㎞짜리 직구가 스트라이크존 높은 곳으로 들어오는 것을 그대로 잡아 당겼다. 쭉쭉 날아가 담장을 넘겼다. 개인 시즌 1호. 이 홈런으로 삼성은 7만7000루타를 완성했다. 리그 최초다.
 
구자욱은 삼성이 자랑하는 프랜차이즈 스타다. 지난 시즌 129경기서 타율 0.343, 33홈런 115타점 등을 올리며 자신의 커리어하이를 새롭게 작성했다. 개인 통산 세 번째 외야수 부문 골든글러브를 품었다. 다만, 지난해 가을야구서 불의의 부상을 당했다. 중요한 순간 나서지 못해 답답했을 터. 겨우내 재활에 매달린 결과 한층 건강해진 몸으로 새 시즌 출발을 알렸다.
 
대구=이혜진 기자 hjlee@sportsworldi.com",2025-03-22
"'삼빠 연예인' NCT 제노, 시구의 꿈 이뤘다 ""선수 수준 피지컬"" 대박! [오!쎈 대구]","[OSEN=대구, 손찬익 기자] 프로야구 삼성 라이온즈의 열성 팬으로 잘 알려진 인기 아이돌 NCT 멤버 제노가 시구의 꿈을 이뤘다. 제노는 지난해 10월 14일 대구삼성라이온즈파크에서 열릴 예정이었던 LG 트윈스와의 플레이오프 2차전 시구를 맡을 예정이었다. 하지만 이날 경기가 비로 미뤄지는 바람에 아쉬움을 삼켜야 했다. 당시 그는 SNS를 통해 “오늘 시구를 하지 못해 너무 아쉽지만 그래도 좋은 추억이었다. 이호성 선수와 함께 시구 연습과 시타 연습도 하고 재미있었다. 이호성 선수를 항상 응원하겠다, 다음에 (시구) 기회가 또 온다면 좋겠다”는 바람을 드러냈다. 삼성 구단에 따르면 삼성은 제노에게 정규 시즌 개막전 시구를 요청했고 제노는 흔쾌히 수락했다고 한다. 시구를 앞두고 마이크를 잡은 제노는 “안녕하세요. 제노입니다. 반갑습니다. 오늘 이렇게 시구를 불러주셔서 너무 감사드립니다. 2025시즌 개막전 승리를 응원하도록 하겠습니다. 삼성 라이온즈 화이팅”이라고 인사를 전했다. 등번호 23번이 새겨진 유니폼을 입고 마운드에 오른 제노는 역동적인 투구로 박수갈채를 받았다. 이날 경기 중계를 맡은 이택근 SBS 스포츠 해설위원은 “제가 해설하면서 완성도라는 표현을 자주 사용하는데 제노 씨 몸의 완성도가 거의 선수 수준이다. 상체가 상당히 발달되어 있다. 첫 경기 첫 시구가 상당히 부담스러울 텐데 아주 잘 던졌다”고 호평했다. 한편 삼성은 중견수 김지찬-유격수 이재현-좌익수 구자욱-포수 강민호-1루수 르윈 디아즈-지명타자 박병호-2루수 전병우-3루수 김영웅-우익수 김헌곤으로 개막전 라인업을 꾸렸다. 선발 투수는 아리엘 후라도. 외국인 좌완 케니 로젠버그를 선발 투수로 내세운 키움은 2루수 송성문-지명타자 야시엘 푸이그-중견수 이주형-우익수 루벤 카디네스-1루수 최주환-유격수 김태진-3루수 여동욱-좌익수 박주홍-포수 김재현으로 선발 라인업을 구성했다. /what@osen.co.kr",2025-03-22
'와' 엘도라도 다음 숙원 풀었다! '달빛소년' 구자욱 8년 만에 컴백 [IS 대구],"삼성 라이온즈 외야수 구자욱이 '두 번째' 타석에 들어선 순간, 익숙하지만 어색한 멜로디가 대구 삼성라이온즈파크에 울려퍼졌다. 팬들이 그토록 바라던 '달빛소년'이 2만4000명의 팬들 앞에서 부활했다. 삼성 라이온즈 구자욱은 22일 대구 삼성라이온즈파크에서 2025 신한은행 SOL 뱅크 KBO리그 키움 히어로즈와의 개막전에서 3번 타자·좌익수로 선발 출전했다. '달빛소년'은 구자욱이 2015년 1군 데뷔해부터 썼던 응원곡이다. 흥겨운 멜로디에 가사만 개사해 많은 팬의 사랑을 받았던 응원가였지만, 2018년 응원가 저작권 문제로 중단됐다. 이후 김상헌 응원단장의 '허니크루'가 만든 자작곡으로 응원가를 대체했다. 이 응원가 역시 많은 사랑을 받았지만, 지난해 엘도라도 부활 이후 구자욱의 응원가 역시 부활을 원하는 팬들이 많아졌다. 이에 삼성 구단이 화답했다. 지난겨울 저작권 문제를 해결하면서 다시 이 곡을 쓸 수 있게 된 구단은 2025시즌 개막전인 22일, 깜짝 이벤트와 함께 선수와 팬들에게 감동을 선사했다. 첫 번째 타석에선 기존 응원가를 사용했다. 두 번째 타석에 구자욱의 어린 시절 사진을 전광판에 띄우면서 '서프라이즈'로 해당 음악을 틀었다. 개막전 라팍을 찾은 홈팬들에게 깜짝 선물을 선사하고 싶었다는 게 구단 관계자의 설명이다. 구단 마케팅팀의 공이 컸다. 구단 관계자는 ""몇 년 전부터 시도하고 있었던 사업이고, 엘도라도 다음으로 '일차적으로' 부활시키고 싶었던 숙원 사업이었다. 저작권 문제가 해결되면서 팬들에게 깜짝 선물을 준비했다""라고 설명했다. 구자욱의 응원가 부활 외에도 구단 마케팅팀은 개막전을 위해 다양하게 준비했다. 잔디석 상단에 캠핑존을 신설하는 가운데, 통산 홈런이 기록된 홈런 조형물을 설치하면서 구단의 상징성을 더했다. 구단 외야엔 포스트시즌에서 볼 수 있었던 사자 에어 조형물을 마련해 응원 분위기를 더했다. 그동안 숙원이었던 여러 캐릭터와의 컬래보레이션도 진행, 개막전에 맞춰 캐릭터 쫀냐미(작가 채소/카카오엔터테인먼트) 굿즈를 팬들에게 선물하기도 했다. 돌아온 응원가의 힘을 받은 걸까. 타석에 들어선 구자욱은 역전 적시타를 때려내며 팬들의 응원에 화답했다. 대구=윤승재 기자",2025-03-22
[대구 토크박스] 1군 개막 엔트리 입성…배찬승 “꿈꿔왔던 순간”,"사진=이혜진 기자
“긴장이요? 안되면 신인이라고 할 수 없죠.”
 
드디어 개막이다. 야구장이 설렘으로 가득 채워졌다. 그 가운데서도 특히 신인들의 마음이 남다를 터. 우완 투수 배찬승(삼성)도 마찬가지였다. 스프링캠프에서부터 시범경기까지 완주한 끝에 생애 첫 1군 개막 엔트리 입성에 성공했다. 배찬승은 “정말 꿈꿔왔던 순간”이라면서 “엄청 설레고 긴장도 많이 된다. 무엇보다 기대가 제일 많이 되는 것 같다”고 말했다.
 
배찬승은 올해 신인이다. 드래프트 1라운드(전체 3순위)로 삼성 유니폼을 입었다. 대구 옥산초-협성경복중-대구고를 졸업한 로컬보이이기도 하다. 배찬승의 데뷔전을 보기 위해 부모님이 출동한다. 1살 터울 동생인 배다승(대구고)은 이날 주말리그서 만루 홈런을 때려내며 먼저 포효했다. 배찬승은 “동생은 나보다 훨씬 덩치고 크고 탄탄하다. 잘하고 있다”고 웃었다.
 
배찬승의 강점은 역시 강속구다. 150㎞ 이상의 빠른 공을 아무렇지 않게 던진다. 일찌감치 스포트라이트가 집중된 이유다. 이제 막 프로에 갓 입문한 신예에겐 부담이 될 수도 있을 터. ‘긴장되느냐’는 질문에 배찬승은 “긴장이 안 된다면 그건 신인이라고 할 수 없는 것 같다”면서 “너무 긴장을 안 해도 그것대로 안 좋을 듯하다. 적당한 게 좋다고 본다”고 말했다. 
 
대구=이혜진 기자 hjlee@sportsworldi.com",2025-03-22
"""원래 계획은 (김)헌곤이 인데"" 삼성, 좌완 로젠버그 상대 2번 이재현 가동…원태인·레예스 곧 돌아온다! [MD대구]","[마이데일리 = 대구 김경현 기자] ""원래 계획은 (김)헌곤이가 좌투수 나왔을 때 2번 타순에 들어가야 하는데…"" 삼성 라이온즈가 고대하던 2025시즌을 맞이한다. 이재현이 개막전 2번의 중책을 맡았다. 삼성은 22일 오후 2시 대구 삼성 라이온즈파크에서 2025 신한 SOL Bank KBO 리그 키움 히어로즈와 경기를 치른다. 박진만 감독은 경기에 앞서 취재진과 만나 개막전에 임하는 각오와 계획을 설명했다. 김지찬(중견수)-이재현(유격수)-구자욱(좌익수)-강민호(포수)-르윈 디아즈(3루수)-박병호(지명타자)-전병우(2루수)-김영웅(3루수)-김헌곤(우익수)이 개막전 선발 라인업의 영광을 얻었다. 선발투수는 아리엘 후라도. 스프링캠프 도중 골멍으로 불편함을 호소했던 김영웅이 개막 라인업에 이름을 올렸다. 박진만 감독은 ""몸 상태는 괜찮은데 실전 감각이 떨어져 있다. 워낙 갖고 있는 게 많은 선수라 게임을 통해서 감각을 충분히 만들어 갈 수 있을 거라 판단했다""고 했다. 이재현이 2번으로 전진 배치됐다. 시범경기에서는 한 번도 2번으로 출전한 적이 없다. 박진만 감독은 키움 선발 왼손 케니 로젠버그의 ""맞춤"" 라인업이라고 했다. 이어 ""원래 계획은 (김)헌곤이가 좌투수 나왔을 때 2번 타순에 들어가야 한다. 시범경기 때 몸에 안 좋은 부분이 좀 있어서 감각이 떨어져 있다. 건강이나 경기 감각이 쌓이면, 좌투수가 올라왔을 때는 헌곤이가 (2번으로) 갈 것 같다""며 ""(이)재현이가 타격 페이스가 괜찮다. 실전 감각이 있는 선수 위주로 타순을 짜다 보니 이재현이 (2번으로) 들어가게 됐다""고 설명했다. 김헌곤은 시범경기 도중 왼쪽 허리 기립근 부근에 담 증세를 호소한 바 있다. 삼성 관계자에 따르면 김헌곤의 몸상태는 아직 100%라고 보기는 어렵다. 하지만 경기에 충분히 나설 수 있는 컨디션이라고 한다. 시범경기에서 멀티 홈런을 터트렸던 전병우가 선발 2루수로 나선다. 박진만 감독은 ""라이온즈파크에서는 삼성이 공격 야구를 해야 한다. (키움 선발이) 좌투수고 시범 경기를 통해서 전병우 선수가 컨디션이 제일 좋다고 판단된다""고 밝혔다. 부상 선수 소식도 전했다. 원태인과 데니 레예스는 계획대로 한 턴만 거른 뒤 3월 말 복귀 예정이다. 원태인은 내일(23일) 퓨처스리그 선발로 등판한다. 레예스는 4월 1일 등판 예정이다.",2025-03-22
"""두산전 동시 컴백"" 부상이탈 불안 삼성에 희소식...KS 원투펀치가 돌아온다[대구현장]","데니 레예스. 정현석 기자 hschung@sportschosun.com
[대구=스포츠조선 정현석 기자]차포 떼고 시작하는 삼성 라이온즈 개막 첫주. 다행히 오래 걸리지 않는다.

데니 레예스와 원태인이 다음 주말 잠실 두산 원정 3연전(28일~30일)에 합류한다.

삼성 박진만 감독은 22일 대구 라이온즈파크에서 열린 키움과의 개막전에 앞선 브리핑에서 ""레에스랑 원태인 선수가 그래도 생각보다 빨리 복귀할 것 같다""며 ""3월 말에는 두 명 다 올 것 같다. 지금 오늘까지의 계획은 한 턴 정도만 빠지고 두산전에 합류할 예정""이라고 설명했다. 이어 ""원태인 선수는 내일(23일) 퓨처스에서 선발 들어가고, 화요일(25일) 레예스 선수가 (퓨처스에서) 선발로 들어간다""고 설명했다.

례예스는 캠프 중 오른발 중족골 미세 피로골절로 이탈했다. 원태인은 한국시리즈 당시 어깨 관절와순 손상 여파로 페이스업이 늦었다.
2일 일본 오키나와 온나손 아카마 구장에서 열린 KIA와 삼성의 연습경기에 앞서 삼성 원태인이 캐치볼을 하고 있다. 오키나와(일본)=허상욱 기자 wook@sportschosun.com./2025.03.02/
두 선수 모두 회복해 실전 단계까지 몸상태를 끌어올렸다. 실전 감각 회복 문제로 개막 첫 로테이션 부재는 불가피 했다.

레예스와 원태인은 지난해 포스트시즌 삼성 마운드를 굳게 지쳤던 에이스 원투펀치. 특히 레예스는 지난 가을야구에서 포텐을 터뜨리며 완벽투로 가을영웅으로 떠올랐다. 원태인 역시 지난해 데뷔 첫 15승을 찍으며 곽빈과 함께 공동 다승왕에 올랐다.

두 핵심 선수가 없는 개막 첫 주. 부담이 커졌지만 두산→KIA→한화 등 강팀들과의 9연전을 앞두고 두 주축 선발의 조기 복귀는 반가운 소식이다. 삼성은 후라도 백정현 최원태 이승현 김대호 순서로 개막 첫 주 선발 로테이션을 돌릴 예정이다.",2025-03-22
"최강 삼성의 히어로가 돌아왔다! 국민 유격수, ""실전 감각 부족하지만 워낙 능력이 좋아 기대"" [오!쎈 대구]","[OSEN=대구, 손찬익 기자] “날씨가 좋아 다행이다. 개막전 날씨답다. 날씨가 좋으니 기분이 설렌다”. 22일 프로야구 키움 히어로즈와의 정규 시즌 개막전을 앞두고 취재진과 만난 박진만 삼성 라이온즈 감독의 입가에는 미소가 가득 했다. 박진만 감독은 개막전을 앞두고 선수단에 “코칭스태프를 통해 선수들에게 ‘개막전에 대한 부담을 갖지 말고 144경기 중 1경기라고 생각하고 편한 마음으로 임하길 바란다’는 메시지를 전했다”고 밝혔다. 삼성은 중견수 김지찬-유격수 이재현-좌익수 구자욱-포수 강민호-1루수 르윈 디아즈-지명타자 박병호-2루수 전병우-3루수 김영웅-우익수 김헌곤으로 개막전 라인업을 짰다. 일본 오키나와 2차 캠프 도중 오른쪽 늑골 타박상으로 조기 귀국한 내야수 김영웅도 이날 선발 라인업에 이름을 올렸다. 박진만 감독은 “몸 상태는 아무런 문제가 없는데 실전 감각이 조금 부족하다. 워낙 능력이 좋은 선수니까 경기를 통해 충분히 보여줄 것”이라고 내다봤다. 박진만 감독은 이재현의 2번 기용에 대해 “원래 상대 좌완 선발이 나오면 김헌곤을 2번에 배치하는데 시범경기에서 컨디션이 좋지 않아 감각이 다소 떨어진 상태”라며 “실전 감각이 좋은 선수 위주로 라인업을 구성했는데 이재현이 가장 적합할 것 같아 2번에 배치했다”고 설명했다. 이재현과 키스톤 콤비를 이룰 전병우에 대해 “지난해 한국시리즈에서도 2루 수비를 소화했다. 유격수를 제외한 내야 전 포지션을 소화할 수 있다. 홈구장에서 공격 야구를 해야 하는 만큼 시범경기에서 컨디션이 가장 좋았던 전병우의 활약을 기대한다”고 밝혔다. ‘슈퍼 루키’ 배찬승의 활용 방안에 대해 “언제 기용할지 상황을 봐야할 것 같다. 상대 좌타자를 압박할 수 있는 좋은 카드다. 1이닝을 맡길 것”이라고 했다. 지난해까지 키움에서 뛰었던 외국인 투수 아리엘 후라도가 선발 중책을 맡았다. 박진만 감독은 “후라도가 키움 타선에 대한 약점을 얼마나 잘 파악했을지 기대된다”고 했다. /what@osen.co.kr",2025-03-22
"'삼성 개막전 선발' 후라도, 친정팀에 비수 꽂을까? 박진만 감독 ""키움 약점 얼마나 파악했는지...""","[스포티비뉴스=대구, 맹봉주 기자] ""저도 기대가 됩니다."" 삼성 라이온즈는 22일 대구 삼성라이온즈파크에서 열리는 2025 신한 SOL 뱅크 KBO 개막전서 키움 히어로즈와 격돌한다. 경기 직전 삼성 선발 라인업이 발표됐다. 타순은 김지찬(중견수), 이재현(유격수), 구자욱(좌익수), 강민호(포수), 르윈 디아즈(1루수), 박병호(지명타자), 전병우(2루수), 김영웅(3루수), 김헌곤(우익수)으로 꾸렸다. 지난해 LG 트윈스와 플레이오프에서 왼쪽 무릎을 다친 구자욱이 건강하게 돌아왔다. 이날 삼성 선발투수는 아리엘 후라도다. 불과 직전 시즌까지 키움 1선발로 활약했던 선수다. 경기 전 만난 삼성 박진만 감독은 ""날씨가 좋아서 다행이다. 개막전 같은 날씨다. 설레이는 마음이 크다""고 개막전을 앞둔 마음을 밝혔다. 후라도에 대해선 ""기대가 된다. 얼마나 약점을 파악했는지(웃음). 본인이 캠프 때 얘기한 게 있기 때문에 3년 동안 키움 타선을 잘 파악했는지 눈여겨 보겠다. 기대된다""고 말했다. 삼성은 지난 오프 시즌 키움에서 풀린 후라도와 총액 100만 달러(약 14억 원)에 계약했다. 후라도는 검증된 외국인 투수다. 2023시즌을 앞두고 키움과 계약하며 한국무대에 도전한 후라도는 데뷔 시즌부터 30경기 183⅔이닝 11승 8패 평균자책점 2.65로 활약했다. 키움과 재계약은 당연했다. 2024시즌도 KBO 정상급 선발투수로 군림했다. 30경기 190⅓이닝 동안 10승 8패 평균자책점 3.36으로 두 시즌 연속 키움 1선발 자리를 지켰다. 지난 두 시즌 동안 후라도는 키움은 물론이고 KBO 전체에서 가장 안정감 있는 선발투수였다. 지난 시즌 두 번째로 많은 이닝을 소화했고 퀄리티스타트(선발 6이닝 이상, 3자책점 이하)만 23회로 이 부문 리그 전체 1위에 올랐다. 던질 수 있는 구종이 워낙 다양하고 제구력이 좋아 후라도를 상대하는 타자 입장에선 노림수를 갖고 타석에 들어가기 어려웠다. 타자 친화적인 삼성라이온즈파크에서도 문제 없다. 삼성라이온즈파크에서 통산 5경기 34이닝 3승 1패 평균자책점 2.91로 오히려 강세를 보였다. 하지만 키움이 외국인 타자 두 명을 쓰는 파격적인 선택을 하면서 후라도는 FA(자유계약선수) 시장에 나왔다. 이를 삼성이 재빠르게 낚아챘다. 원태인, 대니 레예스, 최원태에 후라도까지 합류시킨 삼성은 올 시즌 막강한 선발진을 구축하게 됐다.",2025-03-22
"가을영웅, 다승왕에 끝판왕도 없다...'불안했던 최종 리허설' 그래도 뉴 페이스 힘 믿는다","[대구=스포츠조선 정현석 기자]가을영웅, 다승왕, 끝판왕이 모두 빠졌다. 대망을 꿈꾸는 2025시즌. 첫 단추를 안전하게 잘 꿰야 한다. 삼성 라이온즈의 개막 첫주. 고비다. 불안요소가 제법 있다. 우선 주축 선발 둘이 빠져있다. 데니 레예스는 캠프 중 오른발 중족골 미세 피로골절로 이탈했다. 원태인은 한국시리즈 당시 어깨 관절와순 손상 여파로 페이스업이 늦었다. 두 선수 모두 회복해 실전 단계지만 개막 첫 로테이션 부재는 불가피 하다. 레예스와 원태인은 지난해 포스트시즌 삼성 마운드를 굳게 지쳤던 에이스 원투펀치. 특히 레예스는 지난 가을야구에서 포텐을 터뜨리며 완벽투로 가을영웅으로 떠올랐다. 원태인 역시 지난해 데뷔 첫 15승을 찍으며 곽빈과 함께 공동 다승왕에 올랐다. 두 핵심 선수가 없는 개막 첫 주. 부담이 커졌다. 삼성은 후라도 백정현 최원태 이승현 김대호 순서로 개막 첫 주 선발 로테이션을 돌릴 예정이다. 설상가상 불펜에도 예기치 못한 공백이 생겼다. 끝판왕 오승환이 모친상으로 이탈했다. 지난해 후반기 주춤하며 가을야구 무대에 서지 못했던 오승혼은 백의종군의 마음으로 팀 공헌을 위해 그 어느 때보다 준비를 많이 했다. 박진만 감독은 캠프 기간 중 ""오승환 구위가 제일 좋다""고 기대감을 감추지 않았다. 캠프 막판 모친의 병세가 악화되면서 조기귀국을 해야 했다. 병원과 야구장을 오가느라 첫 시범경기에서 주춤했지만, 두번째 경기에서 바로 반등했다. 그러던 차에 모친상을 당하면서 상경해 빈소를 지켰다. 슬픔에 젖은 몸과 마음을 추스른 뒤 다시 실전을 거쳐 1군에 합류해야 한다. 어느 정도 시간이 필요하다. 뉴 페이스의 활약이 절실하다. 개막 선발 로테이션 5명 중 3명이 새 얼굴이다. 22일 키움과의 개막전은 후라도가 삼성의 새 에이스임을 선포하며 반드시 승리를 이끌어야 한다. 25일 NC와의 주중 첫 경기도 최원태가 70억 FA다운 피칭으로 원태인과 함께 뉴 토종 원투펀치 탄생을 알려야 한다. 임시 5선발로 주중 NC전 마지막 경기에 출격할 김대호의 어깨도 무겁다. 불펜에서는 배찬승 이재희 육선엽 등 신(新) 파이어볼러 3총사가 오승환의 공백을 메워줘야 한다. 세 선수 모두 최종 리허설에서 뭇매를 맞은 터라 살짝 불안감을 남긴 것이 변수다. 5연전이 홈인 라이온즈파크에서 열리는 데다 객관적 전력이 약하다는 평가를 받는 키움-NC전이라는 점은 얼핏 호재 처럼 보인다. 하지만 공은 둥글다. 뚜껑은 열어봐야 아는 법. 만에 하나 원하는 결과를 얻지 못할 경우 무거워진 발걸음으로 원정을 떠나야 한다. 삼성은 두산-KIA 등 강팀들을 줄줄이 원정에서 만난다. 관중석을 가득 메울 홈팬들 성원을 에너지 삼아 조금 더 집중해 가을야구 처럼 치러야 할 개막 첫 주다.",2025-03-22
"“스스로 증명하면 된다” 불화설 친정팀 만나는 외인타자, 하필 상대도 이적생 외인투수다","[OSEN=길준영 기자] 프로야구 키움 히어로즈 루벤 카디네스(28)가 시즌 개막전부터 친정팀 삼성 라이온즈를 만난다. 키움은 22일 대구 삼성라이온즈파크에서 삼성 라이온즈와 ‘2025 신한은행 SOL Bank KBO리그’ 2025시즌 개막전을 치른다. 키움 선발투수는 케니 로젠버그, 삼성 선발투수는 아리엘 후라도다. 키움과 삼성의 개막전은 서로 친정팀을 만나는 외국인선수 맞대결이 이목을 끌고 있다. 키움은 삼성에서 뛰었던 외국인타자 루벤 카디네스가 출전하고 삼성은 키움에서 뛰었던 후라도가 선발투수로 나선다. 후라도는 KBO리그 통산 60경기(374이닝) 21승 16패 평균자책점 3.01을 기록한 우완투수다. 지난 2시즌 동안 키움에서 에이스로 활약했지만 지난 시즌 종료 후 재계약이 불발됐고 올해 삼성과 100만 달러(약 15억원) 계약을 맺었다.새로운 팀에서 개막전부터 친정팀을 만나게 된 후라도는 지난 2월 인터뷰에서 “예전에도 같이 뛰었던 선수들을 상대해야 했던 경험이 있다. 야구에서는 늘 일어나는 일이라고 생각한다”라며 크게 신경쓰지 않는다고 말했다. 카디네스는 지난 시즌 데이비드 맥키넌의 대체 외국인타자로 삼성에 입단했다. 하지만 부상 때문에 7경기 타율 3할3푼3리(24타수 8안타) 2홈런 5타점 2득점 OPS 1.027을 기록하고 금방 팀을 떠나야 했다. 이 과정에서 태업 논란이 벌어지기도 했다. 이제는 상대팀으로 대구 삼성팬들을 만나야 하는 카디네스는 “나는 그냥 내 일을 하고 싶을 뿐이다. 작년에 오해가 있었고, 올해 더 잘할 수 있다는 걸 굳이 증명하고 싶다는 생각은 크지 않다. 삼성에서 있었던 일에 원망은 없다. 그들에 대해 안 좋은 기억이나 그런 것도 없다. 지난 일이고, 그저 새로운 페이지를 넘겨 올해로 넘어가고자 한다”라고 자신의 생각을 설명했다. 키움 홍원기 감독 역시 지난 18일 인터뷰에서 “(카디네스는) 스스로 증명하면 된다. 건강한 몸이고 당시에 본인이 의도하지 않았던 오해가 있었다. 본인도 크게 신경쓰지 않는다고 얘기했다. 어차피 언젠가는 겪어야 할 일이고 지나갈 일이다. 너무 신경쓰지 않았으면 좋겠다. 팬분들이 어떻게 생각하실지는 모르겠지만 나는 카디네스의 진정성을 믿고 있다”라고 카디네스에 힘을 보탰다. 2년간 함께 뛰었던 후라도를 개막전부터 만나는 것에 대해 홍원기 감독은 “시범경기 때 헤이수스(KT)도 만났다. 시즌을 치르다보면 언젠가는 또 만나야 하고 정정당당하게 승부도 해야 한다. 선수들이 그런 이슈를 크게 생각하지 않았으면 좋겠다. 후라도도 우리를 만났다고 더 이악물고 던지지는 않을 것이다. 그냥 한 경기일 뿐이고 시즌의 한 경기라고 생각하고 승부하면 될 것 같다”라고 이야기했다. /fpdlsl72556@osen.co.kr",2025-03-22
"'운명의 장난인가' 삼성↔키움 유니폼 맞바꾼 외인, 개막전부터 투타 맞대결... 웃게 될 자 누구인가","[스타뉴스 | 양정웅 기자] 묘하게 서로 유니폼을 맞바꾼 모양새가 된 두 외국인 선수가 개막전부터 맞붙게 됐다. 아리엘 후라도(29·삼성 라이온즈)와 루벤 카디네스(28·키움 히어로즈)는 어떤 결과를 내게 될까. 삼성 라이온즈와 키움 히어로즈는 22일 오후 2시 대구 삼성 라이온즈 파크에서 2025 신한 SOL Bank KBO 리그 개막전을 치른다. 삼성은 후라도, 키움은 케니 로젠버그(30)가 선발투수로 나선다. 눈에 띄는 점은 후라도의 선발 등판이다. 그는 지난 시즌 30경기 190⅓이닝을 투구하며 10승 8패 평균자책점 3.36의 성적을 올렸다. 지난해 이닝 2위, 탈삼진 4위(169개)를 기록하며 리그 정상급 선발투수로 자리매김했다. 그리고 이 스탯을 모두 키움에서 올렸다. 지난 시즌 종료 후 키움이 후라도와 재계약을 하지 않자, 삼성은 데니 레예스와 원투펀치를 이룰 자원으로 그를 선택했다. 계약금 30만 달러, 연봉 70만 달러, 총액 100만 달러(약 14억원)의 조건으로 이적했는데, 지난해 130만 달러였던 몸값이 강제로 깎이게 된 상황에서도 이를 받아들였다. 시범경기에서는 주춤한 모습이었다. 10일 대구 두산전에서는 3⅔이닝 5피안타 2볼넷 5탈삼진 3실점을 기록했고, 16일 광주 KIA전에서는 4이닝 10피안타 1볼넷 3탈삼진 6실점(5자책)의 성적을 거뒀다. 다만 시범경기는 컨디션 점검이 주 목적이기에 큰 의미를 두지 않았고, 결국 개막전 선발투수로 낙점받았다. 삼성 역사상 이적생이 개막전 선발로 나서는 건 1999년 김상진(현 롯데 코치) 이후 26년 만이다. 레예스와 원태인 등이 부상으로 투구수 빌드업이 되지 않아 어쩔 수 없는 상황이기도 했다. 후라도는 개막 첫 경기부터 친정팀 타자들을 상대해야 하는 상황인데, 그 중에는 지난해 삼성에서 뛰었던 카디네스도 있었다. 그는 2024시즌 도중 데이비드 맥키넌의 대체선수로 삼성 유니폼을 입었다. 7경기에서 타율 0.333, 2홈런으로 장타력을 보여줬지만, 옆구리 통증을 호소하며 엔트리에서 제외됐다. 설상가상으로 복귀 후 안일한 수비를 펼쳐 코칭스태프의 눈밖에 났다. 결국 삼성은 카디네스를 방출하고 르윈 디아즈를 데려와 포스트시즌을 치렀다. 이후 카디네스에게 손을 내민 팀이 키움이었다. 옆구리 부상 상태를 확인한 키움은 화상 면담을 통해 선수의 야구를 대하는 자세, 성실성, 책임감 등을 꼼꼼히 살폈다고 한다. 이에 키움은 카디네스에게 총액 60만 달러(연봉 45만 달러, 옵션 15만 달러)를 안겨줬다. 카디네스는 올해 미국 애리조나 캠프에서 스타뉴스와 만나 ""당시 삼성과 팬들의 결정에 전혀 분노를 느끼지 않고 있고, 원망도 하지 않는다""고 말했다. 하지만 자신의 전 소속팀을 상대로 좋은 모습을 보이고 싶은 건 당연지사. 그렇기에 개막전이 기대가 될 수밖에 없다. 시범경기에서도 좋은 감을 유지한 카디네스다. 9경기에 나와 타율 0.308, 1홈런, OPS 0.846의 성적을 올렸는데, 특히 마지막 3경기에서 5안타를 몰아치며 감을 끌어올렸다. 소속팀을 맞바꾼 모양새가 된 후라도와 카디네스. 과연 2025시즌 첫 경기에서 이들은 어떤 활약을 펼치게 될까.",2025-03-22
"“헤이수스보다 만만하다” 옛 동료들의 도발…후라도, 참교육 시전할까",[OSEN=손찬익 기자] 프로야구 삼성 라이온즈 외국인 투수 아리엘 후라도가 정규 시즌 개막전 선발 중책을 맡았다. 상대는 지난해까지 뛰었던 키움 히어로즈다. 2023년부터 2년간 키움 소속으로 60경기에 등판해 21승 16패 평균자책점 3.01을 거뒀다. 2년 연속 10승 고지를 밟았고 해마다 180이닝 이상 소화하는 등 이닝 이터의 면모를 마음껏 과시했다. 키움의 송성문과 이주형은 지난 20일 서울 롯데호텔 월드에서 열린 2025 신한 SOL Bank KBO 미디어데이&팬페스트에서 후라도와의 맞대결에서 자신감을 드러냈다. 이들은 '지난해까지 함께 했던 후라도와 엔마누엘 데 헤이수스(KT) 가운데 누가 더 까다로울 것 같냐'는 질문을 받았다. 이에 송성문은 “좌완 헤이수스보다 우완 후라도가 더 만만하다. 헤이수스는 상대해보니까 못 치겠더라”고 했다. 이주형은 “제가 라팍(대구삼성라이온즈파크)에서 좋은 기억이 많다. 그래서 (헤이수스보다_ 후라도가 더 나을 것 같다”고 이유를 밝혔다. 올 시즌 삼성의 ‘우승 청부사’로 불리는 후라도는 시범경기에서 승리 없이 1패 평균자책점 9.39로 다소 부진한 성적을 남겼다. 첫 등판이었던 10일 대구 두산전에서 3⅔이닝 5피안타 2볼넷 5탈삼진 3실점으로 삐걱거렸고 16일 광주 KIA전에서도 4이닝 10피안타 1볼넷 3탈삼진 6실점으로 흔들렸다. 하지만 박진만 감독은 후라도의 시범경기 부진을 걱정하지 않았다. “시범경기는 만들어가는 과정이다. 16일 두 번째 등판에서는 본인이 다른 공들을 조금 더 연습한 부분도 있었다”는 게 박진만 감독의 말이다. 또 “코칭스태프에서는 우선 구위를 보고 판단한다. 후라도의 구위가 어느 정도 올라와 있는 상태라서 크게 우려하지 않는다”고 덧붙였다. 후라도는 16일 광주 날씨가 무척 쌀쌀했지만 최고 구속 148km의 강속구를 뿌렸다. 박진만 감독에 따르면 후라도는 “키움 타자들의 약점을 다 알고 있다”고 자신감을 드러냈다. 옛 동료들의 “만만하다”는 도발에 참교육을 시전할 수 있을까. /what@osen.co.kr,2025-03-22
"'밀어도 넘긴다' 부챗살 루키 삼총사, 퓨처스는 좁다...홈런, 2루타 펑펑","[스포츠조선 정현석 기자]삼성 라이온즈 캠프와 시범경기 내내 가장 큰 화제를 모았던 루키 4총사. 투수 배찬승, 내야수 심재훈 차승준, 외야수 함수호였다. 4인4색의 루키 4총사. 각자 다른 매력으로 미래를 어필했다. 좌완 배찬승은 캠프 첫 실전부터 152㎞의 강속구와 예리한 슬라이더를 겁없이 뿌리며 물건의 탄생을 알렸다. 누가 봐도 즉시 전력감. '기회를 받을 투수'란 점에서 키움 정현우와 함께 유력한 신인왕 후보 중 하나다. 불펜에 좌완 선발이 없는 삼성에 단비 같은 존재의 탄생이다. 심재훈은 공수주에 걸친 발군의 운동능력을 과시하며 유격수 이재현, 3루수 김영웅에 이어 차세대 2루수로 삼성 내야진 세대교체 완성의 방점을 찍어줄 유망주로 주목받았다. 차승준과 함수호는 삼성 타선에 파워를 더해줄 거포 유망주들. 루키 답지 않은 타석 대처능력과 적극성으로 캠프와 시범경기 내내 주목 받았다. 프로 무대에서 경쟁력 있는 타자 자원임은 밀어치기가 된다는 점이다. 세 선수 모두 밀어서 담장을 넘길 수 있는 파워를 갖추고 있다. 선수 보는 눈이 탁월한 삼성 박진만 감독은 ""배트가 면으로 나와 공에 맞는 포인트가 넓다""며 고른 방향의 타구가 나오는 이유를 설명했다. 타구를 부챗살로 멀리 보낼 수 있는 파워 툴까지 갖춰 팬들을 설레게 하고 있는 삼총사. 남다른 재능에 성실함까지 더해저 기대를 키운다. 미래에 주전이 될 수 있는 특급 재능 야수 셋을 한 드래프트에서 모두 확보한다는 건 결코 쉬운 일이 아니다. 이종열 단장과 스카우트 팀의 고심의 결과가 삼성의 미래에 흐뭇한 선물을 안기고 있다. 예정과 달리 오키나와 1군 캠프와 시범경기를 완주한 4총사. 개막엔트리에는 명암이 엇갈렸다. 투수 배찬승만 살아남았다. 야수 3명은 모두 퓨처스리그에서 출발한다. 기대감이 없어서가 아니다. 오히려 반대다. 당장 1군에 둬도 백업으로 쓸 수 있는 기량이지만 충분한 경기 경험을 통한 빠른 성장을 택했다. 세 선수는 지난 19일 상무전부터 퓨처스리그 경기에 출전중이다. 심재훈은 21일 함평 KIA전에서 교체출전해 좌중월 투런홈런도 쳤다. 5번 1루수로 선발 출전한 차승준도 1회부터 KIA 5선발 김도현을 상대로 우월 2루타를 거침 없이 날렸다. 야수 루키 삼총사는 퓨처스리그에서 꾸준히 경기를 뛰며 1군 무대를 준비한다. 백업 야수가 필요한 시점이 되면 언제 1군에서 봐도 이상할 게 없는 준비된 신예 삼총사. 나홀로 살아남은 배찬승은 삼성 불펜의 주축인 베테랑 선수들 사이에서 중요한 순간 상대 왼손 강타자를 상대로 투입될 전망이다.",2025-03-22
"""에버랜드에 1000명 초청하겠다"" 파격 우승 공약→모기업 화답까지…""우승만 하면 돼"" 간절한 바람","[마이데일리 = 김경현 기자] ""이제 우승만 하면 된다"" 삼성 라이온즈 포수 강민호가 화끈한 우승 공약을 내걸었다. '모기업' 삼성이 전사적 차원의 지원을 약속했다. KBO는 20일 서울 롯데호텔 월드에서 2025 신한 SOL Bank KBO 미디어데이&팬페스트를 개최했다. 10개 구단 감독과 대표 선수가 참여해 자리를 빛냈다. 우승 공약이 빠질 수 없다. 롯데 자이언츠 전준우는 ""팬들을 모시고 롯데월드 투어를 하겠다""고 했다. 강민호가 전준우를 의식했는지, 파격적인 공약을 공개했다. 강민호는 ""올해의 목표는 당연히 우승""이라며 ""한국 최고의 놀이동산은 에버랜드다. 삼성이 우승한다면 한국시리즈 엔트리에 든 선수들과 팬들 1000명을 초대해 일일 데이트를 하겠다""고 밝혔다. 가꿈 미디어데이 분위기를 띄우기 위해 공수표성 공약을 내거는 경우가 있다. 하지만 삼성은 진지했다. 강민호는 ""사장님과도 약속이 됐다""고 덧붙였다. 곧바로 '에버랜드'가 화답했다. 에버랜드는 21일 SNS에 강민호의 말을 인용하며 ""삼성라이온즈의 올 시즌 우승 공약 선물은 대/한/민/국/최/고/의/놀/이/동/산 에버랜드가 쏩니다!!!""라고 글을 올렸다. 이어 댓글로 ""에버랜드는 저희가 쏠 테니, 이제 우승만 하면 된다""고 적었다. 삼성의 마지막 우승은 2014년이다. 2011년부터 2014년까지 전무후무한 4연속 통합 우승을 차지, KBO리그 최강팀의 위용을 자랑했다. 하지만 선수단의 노쇠화와 사건사고가 겹치며 암흑기를 겪었다. 지난해 정규시즌 2위로 도약했고, 한국시리즈 문턱에서 아쉽게 KIA 타이거즈에 패배했다. 이제 삼성은 11년 만에 우승을 노린다. 목표에 걸맞은 전력을 꾸렸다는 평이다. 먼저 아리엘 후라도-데니 레예스-원태인-최원태-좌완 이승현으로 이어지는 황금 선발진을 꾸렸다. 레예스와 원태인은 부상으로 3월 말 합류 예정이다. 빈자리는 베테랑 백정현과 우완 김대호가 메꾼다. 타선도 지난해 홈런 1위(185개)의 위용을 이어간다. '슈퍼루키' 배찬승의 합류도 호재다. 배찬승은 고교 시절 최고 152km/h의 강속구를 기록한 '좌완 로컬보이'다. 스프링캠프부터 가능성을 보였고, 스프링캠프 MVP로 선정됐다. 박진만 감독은 ""설명할 필요가 없다""고 기쁨을 감추지 못했다. 지난 시즌 삼성의 좌완 투수 평균자책점은 6.07로 리그에서 가장 높았다. 배찬승이 '왼손 불펜'에 대한 목마름을 풀어줄 것으로 기대된다. 삼성은 22일 대구 삼성 라이온즈파크에서 키움 히어로즈를 상대로 2025시즌을 맞이한다. 후라도와 케니 로젠버그가 선발로 격돌한다. 삼성은 올해 에버랜드에서 팬들과 추억을 만들 수 있을까.",2025-03-22
"""아섭이에게 그런 추억이라도 있었으면"" 네버엔딩 디스전, 먼저 우승하는 사람이 승자다","[스포츠조선 나유리 기자]""저는 (손)아섭이에게도 그런 좋은 추억이 하나라도 있었으면 좋겠습니다."" '디스'가 끝나지 않는다. 지난해 삼성 라이온즈 강민호가 프로 데뷔 후 21년만에 처음 한국시리즈에 진출한 직후, 화제가 됐던 관계성이 있다. 바로 한국시리즈 무경험 최다 경기 기록(?) 보유자들이다. 강민호는 KBO리그 통산 최다 경기인 2369경기만에 무경험 1위를 탈출하고, 한국시리즈 무대를 밟았다. 강민호의 뒤에는 2058경기 손아섭(NC), 1725경기 전준우, 1399경기 정훈(이상 롯데)가 있다. 공교롭게도 모두 절친한 사이다. 강민호가 롯데 자이언츠 소속으로 뛸 때, 어린 시절을 함께 보냈던 바로 그 동료들이기도 하다. 이들의 기록은 롯데의 암흑기와도 직결돼 있고, 강민호와 손아섭의 경우 팀을 이적했음에도 불구하고 유독 한국시리즈와는 인연이 닿지 않았었다. 강민호는 21년만에 그토록 소원하던 한국시리즈 무대를 밟았지만, KIA 타이거즈에 패하며 준우승으로 마쳤다. 당시 그가 한국시리즈를 앞두고 가진 미디어데이에서 ""너희들도 할 수 있어""라는 멘트로 큰 웃음을 자아냈었는데, 이후 손아섭과의 티키타카가 끝나지 않는다. 손아섭은 최근 스포츠조선과의 인터뷰에서 ""프로의 세계에서 결국 우승을 하지 못한다면, 아무런 의미가 없는 것이나 마찬가지다. 물론 한국시리즈 냄새를 맡고, 그곳에서 민호형에게 하나의 좋은 추억이 생긴거다. 형에게는 소중한 추억이겠지만 결국 우승을 아직 못한 것은 형이나 나나 똑같다""고 이야기 했다. 강민호도 기사를 통해 손아섭의 이야기를 봤다. 그는 ""아섭이에게는 그런 좋은 추억 하나라도 있었으면 좋겠다""고 웃으면서 맞대응했다. 강민호는 이날 미디어데이에서도 롯데 시절 동료들 가운데, 가장 우승을 늦게 할 것 같은 선수로 손아섭을 꼽아 '디스전'이 끝나지 않음을 알렸다. 우승을 하지 못해서 분했던 마음은 잊지 않고 있다. 강민호에게는 올해 또 다른 기회다. 강민호는 ""한국시리즈를 경험해보고 나니까, 진짜 왜 모든 팀들이 우승을 하기 위해서 노력하는지를 더 뼈저리게 느꼈다""면서 ""한국시리즈 시작하기 전에 최형우 선배가 그러더라. 1차전이 열리기 전에 도열하면 굉장한 설렘이 있을거라고 했었는데, 1차전이 계속 비 떄문에 취소 되려다가 하고, 다시 취소되려다가 하고 이러면서 제풀에 지쳐가지고 그 기분을 못느꼈던 게 아쉽다. 그래도 우리팀이 올해도 좋은 목표를 세우면서 시작할 수 있게 된 것 같다""고 이야기 했다. 여전히 올해 삼성의 목표는 우승이다. 지난해 이미 경험했고, 올해는 경험으로만 만족할 수 없다. 강민호는 ""우리 팀 전력이 많이 갖춰졌다고 생각한다. 올해가 되면 좋겠고, 만약 올해가 안되더라도 2~3년안에 우승할 수 있는 팀이 될거라고 저는 확신하고 있다. 그래서 저도 앞으로 2~3년은 더 잘하고 싶다""며 활짝 웃었다.",2025-03-22
"'이것이 왕조의 콜라보' 천 명 팬투어 삼성 우승공약에 화답한 에버랜드, 이제 우승만 하면 된다","삼성 라이온즈가 에버랜드에서의 공약 이행을 위해 힘찬 발걸음을 시작한다. 삼성은 지난 20일 서울 송파구 롯데호텔 월드 그랜드볼룸에서 열린 2025 KBO리그 미디어데이에서 우승 공약으로 ""팬 분들 1000명을 초대해서 선수들과 함께 일일 데이트를 하겠다""라고 말했다. 시작은 다름 아닌 롯데 자이언츠의 전준우였다. 전준우는 미디어데이 우승 공약 발표 시간에서 ""(미디어데이를 하는) 이곳이 롯데 호텔인데 옆에 우리나라 최고의 놀이공원인 롯데월드가 있다. 우승하면 팬 분들을 초청해 투어를 하겠다""라고 말한 것. 이에 강민호가 응수했다. 이후 마이크를 잡은 강민호는 ""대한민국 최고의 놀이동산은 에버랜드라고 생각한다""고 말했다. 모기업 삼성이 보유하고 있는 테마파크를 언급하면서 판을 만든 것. 이후 우승공약으로 팬들과 에버랜드 일일투어를 하겠다고 약속한 강민호는 ""사장님과도 이야기가 된 것""이라며 자신있게 말했다. 하루 뒤 강민호는 자신의 소셜 미디어(SNS)에 에버랜드 사진과 노래를 게재하며, '겨울이 오기 전 에버랜드에서 뵙겠습니다'라고 올렸다. 겨울이 오기 전인 가을, 우승을 확정짓고 팬들을 에버랜드로 이끌겠다는 포부였다. 에버랜드도 화답했다. 에버랜드 역시 공식 SNS를 통해 ""그럼 (1000명 팬 투어는) 내가 쏠게!!라고 하며 지원을 약속한 것. 에버랜드는 '삼성 라이온즈의 올 시즌 우승 공약 선물은 대한민국 최고의 놀이동산 에버랜드가 쏩니다""라며 삼성 라이온즈의 우승을 응원했다. 삼성 라이온즈는 지난겨울 에버랜드와 협업을 통한 마케팅도 진행한 바 있다. 지난 1월 24일 에버랜드 판다월드의 '쌍둥이 판다'이자, 푸바오의 동생인 루이바오와 후이바오를 어린이 회원으로 영입한 데 이어, 삼성 라이온즈와의 컬래버레이션 굿즈 30여 종을 새롭게 선보이며 기대감을 높였다. 마케팅에 이어 우승공약까지, 컬래버레이션의 판이 커졌다. 이제 우승만 하면 된다. 삼성은 지난해 정규시즌을 2위로 마친 뒤 한국시리즈(KS)에서 KIA 타이거즈에 패해 준우승했다. 우승을 공약한 당사자인 강민호는 지난해 ""KS에 오는 게 꿈이었는데, 막상 오니까 더 큰 꿈(우승)이 생긴다. (준우승을 해서) 분한 마음이 있다. 은퇴가 얼마 안 남았기 때문에 더 큰 욕심을 내고 싶다""라며 각오를 다진 바 있다. 20일 미디어데이 후 그는 ""현재 팀 전력이 잘 갖춰졌다고 생각한다. 올해 우승을 꼭 했으면 좋겠다""라는 바람을 내비쳤다. 윤승재 기자",2025-03-22
"[스포츠+] 우승 노리는 삼성의 3가지 키워드···'부상 회복' '리그 초반', 그리고 'KIA'","이번 시즌 불펜 핵심으로 기대를 모았던 김무신이 대표적인데요. 팔꿈치 인대접합 수술로 2025년에는 마운드에 오를 수 없을 전망입니다. 불펜에서 공백에 대한 고민이 커진 삼성은 플레이오프 MVP였던 원투펀치 레예스와 다승왕 원태인까지 개막 시리즈에 함께 하지 못하며 부담이 더 커졌습니다. 2명의 선발 자원은 3월 말 복귀가 예정됐다는 점이 그나마 위안인 대목, 마운드 운영에서 부상자들의 복귀 시점은 삼성의 우승 도전에 최대 변수가 될 전망입니다. 타선에서도 팀의 중심타자로 활약한 김영웅과 이성규가 오키나와에서 부상으로 떠나며 우울함을 더했습니다. 2024년 50홈런을 합작한 선수들의 부상은 타선의 무게감에도 좋지 않은 영향을 줬는데요. 다행히 김영웅은 개막을 앞두고 팀으로 돌아왔고, 이성규도 2~3주 안에 복귀가 유력해 보입니다. 팀의 주장인 구자욱이 플레이오프 2차전에서 당한 부상으로 가을야구 내내 어려움을 겪었던 삼성으로선 부상에 대한 걱정과 우려가 더 클 수밖에 없는 입장, 그나마 구자욱이 빠른 회복과 함께 오키나와 연습경기에서 홈런을 쏘아 올렸고, 수비 훈련까지 다시 시작하면서 정상 컨디션을 회복한 점은 위안인데요. 부상자들이 회복해 정상 전력을 가동하는 시점이 삼성엔 중요한 변수로 떠올랐습니다. 수원에서 펼쳐진 KT위즈와의 개막 2연전을 잡으며 기대를 모았던 지난해 초반, 삼성은 이후 이어진 잠실 원정을 1무 2패, 홈 개막전부터 이어졌던 대구에서의 5경기를 모두 내주며 극심한 부진을 보입니다. 시즌 첫 광주 원정까지 내줬던 삼성은 리그 초반 8연패로 하위권 추락과 함께 2024시즌을 시작했는데요. 물론, 바로 이어진 5연승으로 빠른 회복을 알렸지만, 초반 벌어진 격차는 끝내 1위 추격에 발목을 잡습니다. 2024년의 아쉬움을 극복하기 위해서 중요한 지점이 될 리그 초반, 삼성이 우승권 전력이라는 점을 보여줄지도 이 기간에 달렸다 해도 과언이 아닐 텐데요. 초반부터 분위기를 가져올 수 있을지, 우승이라는 목표를 이루기 위해서는 중요한 길목이 초반부터 펼쳐질 전망입니다. 한국시리즈에서 1승 4패로 무너진 삼성은 대구에서 1승을 거뒀을 뿐, 광주에서는 한 경기도 잡지 못했는데요. 이 흐름은 2025 시범경기까지 이어지면서 지난 주말 펼쳐진 2번의 광주 원정을 모두 내줬던 아픔도 있습니다. 2024년 8월 11일 이후 무려 7경기째 광주 원정 연패에 빠져있는 상황입니다. 이번 시즌도 강력한 우승 후보 1순위가 KIA라는 점 역시 삼성이 넘어서야 할 이유인데요. 야구계 거의 모든 전문가와 단장으로부터 가을야구 100% 진출로 평가받은 KIA와 LG, 상대 전적부터 2024년 가을까지 삼성으로서는 반드시 극복해야 할 상대가 바로 KIA입니다. 그리고 KIA를 넘어서야 우승도 보일 겁니다. 이 부분에 대해서는 이종열 단장 역시 시즌 주요한 목표 중 하나로 인식하고 그 부분에 대비를 철저히 이어가고 있다는 입장을 전했습니다. 과연 삼성은 KIA를 넘어, 2024년보다 더 강해진 모습으로 대권에 도전할 수 있을까요? 144번의 드라마, 그 첫 번째 편이 곧 시작됩니다. (사진 제공 삼성라이온즈)",2025-03-22
"삼성팬들은 카디네스에 야유할까, 박수 보낼까...후라도 '복수심'에 대구가 불타오른다","[스포츠조선 김용 기자] 누가 친정을 울리고 개막전의 영웅이 될 것인가. 카데나스가 아닌 카디네스가, 대구 삼성라이온즈파크에서 열리는 삼성 라이온즈와의 개막전에서 결정적인 홈런을 뻥 쳐버린다면. 배가 나와 힘들어 보인다던 후라도가 삼성 유니폼을 입고 작년까지 동료였던 키움 타자들을 압도하며 우승을 원하는 삼성 팬들에게 희망을 안긴다면. 과연 개막전 승리의 여신은 누구를 향해 웃을 것인가. 삼성 라이온즈와 키움 히어로즈의 대구 개막전에 엄청난 관심이 모아진다. 양팀은 22일 대구 삼성라이온즈파크에서 2025 시즌 개막전을 벌인다. 해마다 개막 '핵심 매치업'들이 있다. 전국구 인기팀들의 맞대결이나, 지역 라이벌, 디펜딩 챔피언 팀의 경기들이 관심을 받는다. 올해는 잠실에서 열리는 LG 트윈스와 롯데 자이언츠의 '엘롯라시코'가 눈길을 끈다. 하지만 올해는 '엘롯라시코'만큼의 임팩트 있는 매치가 대구에서 열린다. 삼성 라이온즈와 키움 히어로즈의 경기. 삼성이야 지난해 한국시리즈에 올랐고, 원래 팬이 많은 팀이기에 그럴 수 있는데 그동안 '흥행'과는 거리가 멀었던 키움전이 왜 '대박' 매치업이느냐. 사연 많은 두 사람이 만나기 때문이다. 키움 외국인 타자 카디네스는 작년에 카데나스였다. 삼성의 대체 외국인 타자로 KBO리그에 입성했다. 등록명이 카데나스였다. 한국에 오자마자 시범경기도 뛰지 않고 곧바로 실전에 뛰겠다며 팬들을 열광시켰고, 또 뛰자마자 홈런을 뻥뻥 쳐내 삼성에 한국시리즈 우승을 안길 해결사로 주가가 급등했다. 하지만 옆구리를 부여잡았고, 검진 결과 큰 문제가 아니라는 구단 발표에 '먹튀 논란'을 일으키고 말았다. 결국 퇴출. 그런 카데나스가 이름을 카디네스로 바꾸고 키움에 입성했다. 키움은 당시 카디네스가 정말 부상을 당했으며, 부상만 없다면 좋은 스윙을 갖고 충분히 훌륭한 성적을 내줄 것으로 기대하고 있다. 워낙 스윙 궤적이 좋고, 파워도 있다. 홈런 치기 좋은 삼성 라이온즈파크이기에, 카디네스의 파워라면 개막전부터 홈런을 쳐낼 가능성이 충분하다. 다른 선수도 선수지만, 카디네스가 대구에서 홈런을 쳐버리면 경기 분위기가 순식간에 뒤바뀔 수 있다. 카디네스가 처음 등장했을 때, 대구 팬들이 어떤 반응을 보일지도 관심사다. '먹튀'라고 한다면 야유를 듣는게 당연하겠지만, 지난 시즌 후 삼성 구단 트레이닝 파트와의 의사 소통 등에 문제가 있어 카디네스가 억울한 부분이 있었다는 보도가 나왔기 때문에, 오히려 야유 없이 환대를 해줄 가능성도 있다. 하지만 카디네스가 홈런을 치려면 이 선수를 넘어야 한다. 후라도. 지난 시즌까지 키움의 에이스로 활약한 선수다. 키움이 2시즌 연속 꼴찌를 하는 가운데도 모두 두자릿수 승수를 기록했다. '퀄리티스타트 머신'으로 상위권 팀에 있었다면 15승 이상도 충분하다는 평가를 받은 선수다. 하지만 키움은 후라도와의 재계약에 소극적이었다. 후라도가 감당하기 힘든 몸값을 요구했다는 얘기도 들렸지만, 지난해 원래 받는 돈이 130만달러였고, 좋은 성적을 거뒀으니 프로 선수로서 더 좋은 대우를 바라는 건 당연한 일이었다. 하지만 키움이 자신을 붙잡지 않으며 신규 영입 선수 신분이 돼버렸고, 삼성과 울며 겨자 먹기로 100만달러에 도장을 찍었다. 신규 선수는 상한액이 100만달러. 후라도 입장에서는 키움이 미울 수 있다. 혼신의 힘을 다한 자신을 거들떠 보지 않았고, 그 과정에서 자신은 수억원의 금전적 손실을 봤기 때문이다. 50만달러를 더 받았다고 해도 한화로 7억원 이상이다. 후라도 입장에서는 '왜 나를 잡지 않았어'라는 마음으로 키움전에 '초집중'할 가능성이 매우 높다.",2025-03-22
"'미묘한 친정 상대' 후라도 시리즈일까, 카디네스 시리즈일까...흥미진진 대구 개막전","[스포츠조선 정현석 기자]'복수'란 단어를 꺼내기는 과하지만, 그렇다고 마냥 반가운 친정은 아니다. 프로야구의 비지니스 잣대. 외국인 선수에겐 더욱 엄격하다. 매번 헤어짐의 과정이 쿨한 건 아니다. 살짝 서운한 마음이 있을 수 있다. 미묘한 경계선상의 감정이다. 키움에서 삼성으로 이적한 아리엘 후라도와 삼성에서 키움으로 이적한 루벤 카디네스. 개막전부터 복잡 미묘한 감정을 품고 친청팀을 만난다. 두 선수는 22일 대구 라이온즈파크에서 열리는 시즌 개막전에 유니폼을 바꿔 입고 나선다. 삼성 후라도는 22일 개막전 선발, 키움 카디네스는 중심타자로 출전할 예정. 작년까지 후라도는 키움 에이스였다. 2023, 2024년 두 시즌 동안 60경기 21승16패, 3.01의 평균자책점. 지난해 30경기 중 무려 23번의 퀄리티스타트로 1위에 오를 만큼 확실한 이닝이터이자, 안정적인 선발투수로 맹활약 했다. 좌완 엔마누엘 데 헤이수스와 원투펀치로 키움 마운드를 지켰다. 헤이수스 역시 지난해 30경기 13승11패 3.68을 기록했다. 리그 최고의 외인투수 듀오. 하지만 재계약은 없었다. '영건 육성'이란 구단 방향성 속에 시장으로 나왔다. 그래도 키움은 대승적으로 두 특급 투수들을 풀어줬다. 후라도는 삼성, 헤이수스는 KT 유니폼을 입었다. 그 와중에 후라도는 금전적 손해를 봤다. 지난해 연봉 130만 달러에서 대폭 인상된 몸값이 가능했지만, 키움과의 재계약이 불발되면서 신규 영입 외인 몸값 한도인 100만 달러에 묶여 버렸다. 손해가 이만저만이 아니었다. 아쉬움이 남았다. 키움전에 승부욕이 더 생길 수 밖에 없다. 후라도는 캠프 기간 중 지난 2년 간 상대전적이 좋은 팀과의 매치를 고민하던 박진만 감독에게 키움과의 개막전 선발 등판을 자청하며 ""키움 타자들 약점을 다 알고 있으니 걱정하지 말라""고 호언장담 했다. 카디네스와 삼성 간 관계는 조금 더 미묘하다. 맥키넌 대체 외인타자로 지난해 후반기 삼성 유니폼을 입은 키디네스는 두번째 경기만에 홈런포를 가동하고, 세번째 경기인 대구 롯데전에서 김원중을 상대로 끝내기 홈런을 터뜨리며 기대감을 부풀렸다. 하지만 6경기 만에 부상에 발목을 잡혔다. 타격 중 옆구리 통증을 호소했다. 부위와 정도에 대한 의견이 엇갈렸고, 논란이 지속되는 가운데 11일 만에 교체 출전한 대구 한화전에서 '산책수비'로 태업 논란을 불렀다. 기대가 컸던 만큼 실망도 컸다. 삼성 팬들의 비난 속에 카디네스는 결국 짐을 쌌다. 카디네스 대신 디아즈가 대체의 대체 외인타자로 영입됐다. 부상을 털어낸 카디네스에게 손을 내민 구단이 키움이었다. 몸상태를 체크한 키움은 ""당시 카디네스는 옆구리 미세손상이 있었다""며 불가피한 문제였음을 주장했다. 카디네스로서는 만에 하나 대구팬들의 야유를 듣게 된다면 억울한 느낌이 들 수도 있다. 그러면 더 잘하고 싶은 마음은 인지상정일 터. 유니폼을 서로 바꿔 입은 후라도와 카디네스의 첫 맞대결. 미묘한 분위기가 감지되고 있다. 승자는 누구일까. 두 선수 손에 명암이 갈릴 수 있다. 흥미진진 대구 개막전이다.",2025-03-22
